Название_судна,Бортовой_номер,IMO,Тип_Модель,Год_постройки,Состояние,Регион_работы,Судовладелец_ИНН,Судовладелец,GFW_ID,GFW_Name,Регион_регистрации
0407 «Капитан Дураченко»,МК-0407,,,,Эксплуатация,Северный,5190058125,"ООО ""СИЯНИЕ АРКТИКИ""",,,Мурманская обл.
20095 ОРИОН,МК20095,9158197,,,Эксплуатация,Северный,5191407604,"ООО «СТРЕЛЕЦ""",91d8204f5-5610-3baf-1409-4747f5c70296,STRELETS,Мурманская обл.
XX Съезд ВЛКСМ,,8721052,,,Эксплуатация,Дальневосточный,4100000530,"АО ""ОКЕАНРЫБФЛОТ""",4858ea8e4-4822-cb70-d4a8-e536ee9bbedc,XX SYEZD VLKSM,Камчатский край
XXVII Съезд КПСС,,8721040,,,Эксплуатация,Дальневосточный,4100000530,"АО ""ОКЕАНРЫБФЛОТ""",bd99d0d3f-f704-9a0d-6350-517fe757c321,XXVII SYEZD KPSS,Камчатский край
АВАЧА,,,СРТМ,,Эксплуатация,Дальневосточный,4101138370,ООО «ПОЛАР СИ»,6be683451-139c-7fcd-868b-2ff3ae6a75c2,AVACHA,Камчатский край
АНТАРЕС,,,РТМ,,Эксплуатация,Дальневосточный,6501237700,"ООО ""РОСРЫБФЛОТ""",59daea062-267b-59c9-bb68-4b79087dbb88,ANTARES,Камчатский край
АРКА-35,,8717568,СРТМ,,Эксплуатация,Северный,5190081090,"ООО ""Антей Север""",1bf14f613-3484-5461-41a5-384bdbbf561c,ARKA 35,Мурманская обл.
АУРУМ,,,СРТМ,,Эксплуатация,Дальневосточный,4101142626,"ООО ""СЕВЕР""",7cd6f7cc1-13cb-fa67-b2b7-65256e7ba4f9,AURUM,Хабаровский край
Авача,,,СРТМ,,Эксплуатация,Дальневосточный,6501289105,"ООО РЫБОКОМБИНАТ ""ОСТРОВНОЙ""",6be683451-139c-7fcd-868b-2ff3ae6a75c2,AVACHA,Сахалинская обл.
Аделаида,,,СРТМ,,Эксплуатация,Дальневосточный,2500000073,"АО ""ДАЛЬРЫБА""",144382d67-72c2-eb4e-bcbe-f1e9ab23cbcf,ADELAIDA,Приморский край
Адмирал Колчак,,9076208,БМРТ,,Эксплуатация,Дальневосточный,2508044467,"ООО «СОФКО""",758c695a3-35cb-06ec-0930-0231c3851e96,ADMIRAL KOLCHAK,Хабаровский край
Адмирал Шабалин,М-0002,8607165,,,Эксплуатация,Северный,5100000010,ПАО «МУРМАНСКИЙ ТРАЛОВЫЙ ФЛОТ» ИЛИ ПАО «МТФ»,1f8f0c096-63f0-cbdc-4d05-7643c9ffc330,ADMIRAL SHABALIN,Мурманская обл.
Азимут,МК-0648,,,,Эксплуатация,Северный,5191204516,"ООО ""Арктиксервис""",e6937f641-1a1d-611f-effa-d69b8a869bd7,AZIMUT,Мурманская обл.
Азурит,С-0177,9551703,,,Эксплуатация,Северный,7806440151,"ООО ""ОКЕАНПРОМ""",4544c1d7b-bc8c-0bd5-c89e-5fe9d8c3316d,AZURIT,Мурманская обл.
Аквамарин,М-0272,,,,Эксплуатация,Северный,5190303200,"ООО «КАРАТ-1""",a0a51ec22-211c-98b1-72a2-e0fa44cd65fe,AKVAMARIN,Мурманская обл.
Алаид,,8819287,РС,,Эксплуатация,Дальневосточный,2536312213,"ООО ""ПАСИФИК КРАБ""",c7024248d-d8bd-d551-9558-e10566d46e1a,LUSAY,Приморский край
Аланетт,,9055216,,,Эксплуатация,Дальневосточный,4101153635,"АО ""ЯМСЫ""",102e50cd0-0fd2-f9ea-5861-00df55e53709,ALANETT,Камчатский край
Александр Беляков,,8721260,БМРТ,,Эксплуатация,Дальневосточный,2508007948,"ПАО ""НБАМР""",4ffe98e97-70cf-143f-e19d-ab3040c5e254,ALEXANDR BELYAKOV,Приморский край
Александр Косарев,,8607153,РТ,,Эксплуатация,Дальневосточный,2518000814,"ПАО ""ПБТФ""",349ad2efa-add8-c28b-f55e-c59bc55b01ff,ALEKSANDR KOSAREV,Приморский край
Александр Ксенофонтов,ПК-0335,8133384,БАТМ,,Эксплуатация,Дальневосточный,4100000530,"АО ""ОКЕАНРЫБФЛОТ""",ef9e07849-9b3f-eba5-2f5b-aa14603273c3,A.KSENOFONTOV,Камчатский край
Александр Машаков,М-0388,8842521,,,Эксплуатация,Северный,5190119530,"ООО ""СЗКК""",2fb8a3f1f-fba6-835b-a483-d58d955b760c,ALEKSANDR MASHAKOV,Мурманская обл.
Александр Мироненко,М-0003,8607177,,,Эксплуатация,Северный,5191407587,АО «ТАУРУС»,394ebf1f0-070d-d2f6-7fe5-e8aff8e0b64f,ALEKSANDR MIRONENKO,Мурманская обл.
Александр Мироненко,М-0003,8607177,,,Эксплуатация,Северный,5190098135,"ООО ""ТАУРУС-1""",394ebf1f0-070d-d2f6-7fe5-e8aff8e0b64f,ALEKSANDR MIRONENKO,Мурманская обл.
Александр Сапожников,,,РС,,Эксплуатация,Дальневосточный,2536312206,"ООО ""КАМЧАТКА КРАБ""",,,Приморский край
Александр Шалин,,9258258,РС,,Эксплуатация,Дальневосточный,4909070355,ООО «МАГ-СИ ИНТЕРНЕШНЛ»,79472bde7-7325-fb84-1348-daa0521c2fdf,ALEKSANDR SHALIN,Магаданская обл.
Алексей Аничкин,К-2155,8817423,БМРТ,,Эксплуатация,Норвежский,3905000203,"АО «АТЛАНТРЫБФЛОТ""",718e5b383-3f3b-f9fd-4397-b482904f156e,ALEKSEY ANICHKIN,Калининградская обл.
Алексей Чириков,,9613551,,,Эксплуатация,Дальневосточный,4101013772,"АО ""Акрос""",a1b06a47e-e8b8-143f-4b70-543955732f1e,ALEKSEY CHIRIKOV,Камчатский край
Алестар,,,РС,,Эксплуатация,Дальневосточный,2536312213,"ООО ""ПАСИФИК КРАБ""",,,Приморский край
Алестар,,,СРТМ,,Эксплуатация,Дальневосточный,2704007990,"ООО ""АНТЕЙ""",,,Приморский край
Алеут,,,РС,,Эксплуатация,Дальневосточный,2536319762,"ООО ""ДАЛЬНЕВОСТОЧНЫЙ КРАБ""",7ee31619b-b316-d56d-a6d5-3af6c10f127b,ALEUT,Приморский край
Алеут,,,,,Эксплуатация,Дальневосточный,2700001973,"ООО ""ТИХООКЕАНСКИЙ ФЛОТ""",7ee31619b-b316-d56d-a6d5-3af6c10f127b,ALEUT,Хабаровский край
Алсей,,8602866,РТ,,Эксплуатация,Дальневосточный,2704007990,"ООО ""АНТЕЙ""",e6154b2e7-7762-4889-fb46-976ec72875e1,ALSEY,Приморский край
Алтын,,,РС,,Эксплуатация,Дальневосточный,2536308584,"АО ""Т-КРАБ""",d38f6e7bd-d742-a295-79e4-1368f9eda973,ALTYN,Приморский край
Алчан,,8747329,РС,,Эксплуатация,Дальневосточный,5190080138,"ООО ""Б-Краб""",4d9823c5d-dd37-e2a7-6f42-21817086896c,ALCHAN,Приморский край
Альбатрос 8,,,СРТМ,,Эксплуатация,Дальневосточный,2723050060,"ООО ""СИГМА МАРИН ТЕХНОЛОДЖИ""",a4dcb218e-eaed-677d-c830-7a9b39d624fe,ALBATROS 8,Хабаровский край
Альмак,МК-0270,,,,Эксплуатация,Северный,5191402420,"ООО КОМПАНИЯ ""АНДРОМЕДА""",14d6186d7-7e85-fed0-a4e3-99ba1e7bcd6a,ALMAK,Мурманская обл.
Альтаир,,,БМРТ,,Эксплуатация,Дальневосточный,6501074974,ЗАО «ОСТРОВ САХАЛИН»,824a76377-7e52-c8a2-dfc2-ccff63353dda,ALTAIR,Сахалинская обл.
Альфа-Кракс,,,,,Эксплуатация,Дальневосточный,6509005281,"ООО ""ВОДОЛЕЙ""",07154b906-61f6-b96f-d89a-d63971b230f4,ALFA,Хабаровский край
Альферас,МК-0277,9264099,,,Эксплуатация,Северный,5190181619,"ООО ""РК ЗАРЯ""",d3a30c237-7700-d3b3-9df3-cac2bbaf6a53,ALFERAS,Мурманская обл.
Амазар,,9109457,РС,,Эксплуатация,Дальневосточный,2536312213,"ООО ""ПАСИФИК КРАБ""",50626c6ff-f829-92d1-c770-25a673f00da4,AMAZAR,Приморский край
Аметист,М-0124,,,,Эксплуатация,Северный,5111000421,"СПК РК ""ВСХОДЫ КОММУНИЗМА""",71bbf8d0b-b464-2e10-6424-c1109784daf3,AMETIST,Мурманская обл.
Амур,,,РС,,Эксплуатация,Дальневосточный,2536312213,"ООО ""ПАСИФИК КРАБ""",3b6af3532-29db-904d-83cb-6f7dac40b3a8,AMUR,Приморский край
Амурское,,9075840,,,Эксплуатация,Дальневосточный,6501292556,"ООО ""ФЛАГМАН ДВ""",d2d030771-1235-f788-8275-64ded82b9f4b,AMURSKOE,Сахалинская обл.
Анабар,,,РС,,Эксплуатация,Дальневосточный,2536312196,"ООО ""АТЛАНТИК КРАБ""",c843cf477-7109-eba5-2887-f0fa1219b641,ANABAR,Приморский край
Анатолий Лавров,,8860781,СРТМ,,Эксплуатация,Дальневосточный,2500000073,"АО ""ДАЛЬРЫБА""",0cf3371c1-1178-be55-665e-74a34c578af5,APOSTOL PETR,Приморский край
Анатолий Пономарев,,8721246,,,Эксплуатация,Дальневосточный,4100000530,"АО ""ОКЕАНРЫБФЛОТ""",8f59c9926-65de-8292-d47c-6b2c41d8fa0d,ANATOLIY PONOMAREV,Камчатский край
Анатолий Торчинов,,7943201,СТМ,,Эксплуатация,Дальневосточный,6501221019,ООО «ПРИМОРСКАЯ РЫБОЛОВНАЯ КОМПАНИЯ»,a3cb533ff-fced-0e07-c8a3-08b76f110c9f,ANATOLIY  TORCHINOV,Сахалинская обл.
Ангел,,,СРТМ,,Эксплуатация,Дальневосточный,4101142626,"ООО ""СЕВЕР""",1a0fbdf77-70a2-31f7-efcc-1f8c87a41839,HOLY ANGEL,Хабаровский край
Андрей Басаргин,,1051513,СРТМ,,Эксплуатация,Дальневосточный,4101142626,"ООО ""СЕВЕР""",58a85ae12-264f-ea00-2170-6278a548515a,ANDREY BASARGIN,Хабаровский край
Андрей Смирнов,ВК-0733,9075890,,,Эксплуатация,Северный,7714566549,"ООО ""ЗИГРАНД""",86eca059a-a1c0-46e7-424c-46cf597cfc4c,ANDREY SMIRNOV,Мурманская обл.
Андрей Смирнов,ВК-0733,9075890,,,Эксплуатация,Северный,5190081090,"ООО ""Антей Север""",86eca059a-a1c0-46e7-424c-46cf597cfc4c,ANDREY SMIRNOV,Мурманская обл.
Анива,,,БМРТ,,Эксплуатация,Дальневосточный,6501074974,ЗАО «ОСТРОВ САХАЛИН»,764e40104-43d4-9831-848d-b092acd34409,ANIVA,Сахалинская обл.
Антей,,8020147,СРТМ,,Эксплуатация,Дальневосточный,6501237700,"ООО ""РОСРЫБФЛОТ""",f53cbde57-7ac6-b958-1686-ba6552ba6a67,ANTEY,Камчатский край
Антиас,АК-0740,,,,Эксплуатация,Северный,2921001587,МОСКОВСКИЙ ФЛ РК ИМ. М. И. КАЛИНИНА,2cd0039ad-d9e6-aafa-ffe4-91b71c226021,ANTAAS,Мурманская обл.
Антур,,9786279,БМРТ,,Эксплуатация,Дальневосточный,2539041064,"ООО  ""ИНТЕРРЫБФЛОТ""",8e3a722f6-6eb5-907c-aca5-72476eae6476,ANTUR,Приморский край
Антур,,9786279,БМРТ,,Эксплуатация,Дальневосточный,6501289105,"ООО РЫБОКОМБИНАТ ""ОСТРОВНОЙ""",8e3a722f6-6eb5-907c-aca5-72476eae6476,ANTUR,Сахалинская обл.
Аполлон,,,СРТМ,,Эксплуатация,Дальневосточный,6501237700,"ООО ""РОСРЫБФЛОТ""",6bd40b483-305f-3f4b-9f72-f5a89caa4224,APOLLON,Камчатский край
Аргонавт,,,РШ,,Эксплуатация,Дальневосточный,6518004291,"ООО ""АРГО""",bb88609b6-67a3-ce07-8bb7-284a7b49d12a,ARGONAUT,Сахалинская обл.
Арина,,,СТР,,Эксплуатация,Дальневосточный,6518009557,"ООО ""ОСТРОВНОЙ-КРАБ""",d69146c6b-bd16-8569-5b61-3fbd3496cb93,OLDERSTEIN,Сахалинская обл.
Арина,,,СТР,,Эксплуатация,Дальневосточный,2539041064,"ООО  ""ИНТЕРРЫБФЛОТ""",d69146c6b-bd16-8569-5b61-3fbd3496cb93,OLDERSTEIN,Приморский край
Арка-31,ВК-5826,8661173,РТ,,Эксплуатация,Дальневосточный,2704007990,"ООО ""АНТЕЙ""",3929c9275-5079-005e-a855-2dd3f5dc238d,ARKA-31,Приморский край
Арка-34,,8909862,СРТМ,,Эксплуатация,Дальневосточный,2704007990,"ООО ""АНТЕЙ""",7b623f6b4-4998-59de-27bc-8d431c5efcfa,ARKA-34,Приморский край
Арка-37,,9185372,СРТМ,,Эксплуатация,Дальневосточный,2704007990,"ООО ""АНТЕЙ""",91e62f9bc-c37b-2517-e13f-da16c75af83a,ARKA-37,Приморский край
Арктик Лидер,,,СРТМ,,Эксплуатация,Дальневосточный,6501289105,"ООО РЫБОКОМБИНАТ ""ОСТРОВНОЙ""",a4181b83d-d22a-deaf-a51e-e9c107d1950d,,Сахалинская обл.
Арктик Лидер,,,СРТМ,,Эксплуатация,Дальневосточный,4101138370,ООО «ПОЛАР СИ»,a4181b83d-d22a-deaf-a51e-e9c107d1950d,,Камчатский край
Арктик Орион,,,,,Эксплуатация,Дальневосточный,2536010639,"АО ""Р/К ""ВОСТОК-1""",a57117498-8436-5a83-2945-37ec39416c10,ORION,Приморский край
Арктика,АК -0445,9694725,,,Эксплуатация,Северный,2901299485,"ООО ""ПЕЛАГИКА""",deeb73ec3-375b-6a72-030a-7f2f791438ba,ARKTIKA,Мурманская обл.
Арктур,МК-0652,,,,Эксплуатация,Северный,5190029090,"ООО ""ЭТА-ТРЕЙД""",4fda278d9-9ca1-cc31-0455-6bbca3763ed0,ARKTUR,Мурманская обл.
Арменак Бабаев,К-1988,8859940,БАТМ,,Эксплуатация,Норвежский,3903000159,"ЗАО ""ВЕСТРЫБФЛОТ""",4a5f88ab6-6500-cc95-caa0-a052e7ee23b7,ARMENAK BABAEV,Калининградская обл.
Артур,,,РС,,Эксплуатация,Дальневосточный,2536312213,"ООО ""ПАСИФИК КРАБ""",16890ebc4-42af-4eb6-dccf-8c89575a1b1a,,Приморский край
Архангельск,АК-0738,9241059,,,Эксплуатация,Северный,2901251074,"ООО ""ПОМОР СИФУД""",efec87bde-ef47-126f-b7dc-0d95bc78839d,ARKHANGELSK,Мурманская обл.
Асанда,,6914514,СКТР,,Эксплуатация,Дальневосточный,4909056047,"ООО ""МАГАДАНРЫБА""",9074f6a5a-a97a-399c-23ec-b7cac3b205d1,ASANDA,Магаданская обл.
Асанда,,6914514,СКТР,,Эксплуатация,Дальневосточный,2537089631,"ООО ""ИСТОК-АБ""",9074f6a5a-a97a-399c-23ec-b7cac3b205d1,ASANDA,Приморский край
Асача,,7832816,РС,,Эксплуатация,Дальневосточный,2536312213,"ООО ""ПАСИФИК КРАБ""",222a45291-199b-ff15-12e7-b117f8df5c76,ASACHA,Приморский край
Аскольд,,,РС,,Эксплуатация,Дальневосточный,2536319762,"ООО ""ДАЛЬНЕВОСТОЧНЫЙ КРАБ""",cdbc9cd40-0ffa-92a5-e440-496794c744cf,ASKOLD,Приморский край
Аскольд,,,РШ,,Эксплуатация,Дальневосточный,2503032080,"ООО ""РУССКИЙ БЕРЕГ""",cdbc9cd40-0ffa-92a5-e440-496794c744cf,ASKOLD,Приморский край
Астроном,,8225503,БМРТ,,Эксплуатация,Дальневосточный,2508007948,"ПАО ""НБАМР""",1126ef70b-b798-13cb-474f-8c34190bab24,ASTRONOM,Приморский край
Атка,,,РС,,Эксплуатация,Дальневосточный,4909053889,"ООО «ТИХРЫБКОМ""",b1736a016-6a45-f154-83b2-f1b71812d141,ATKA,Магаданская обл.
Атка Энтерпрайс,М-0263,,,,Эксплуатация,Северный,5191204516,"ООО ""Арктиксервис""",,,Мурманская обл.
Аурус,,,СТР,,Эксплуатация,Дальневосточный,2508052972,"ООО ""ИНСОФ МАРИН""",c652a9f89-9012-105d-2f02-b2951d955781,AURUS,Приморский край
Афалина,,,РС,,Эксплуатация,Дальневосточный,2539041064,"ООО  ""ИНТЕРРЫБФЛОТ""",7f3366c44-489d-4603-b6d5-5a23ab43b433,AFALINA,Приморский край
Афалина,,,РС,,Эксплуатация,Дальневосточный,6501289105,"ООО РЫБОКОМБИНАТ ""ОСТРОВНОЙ""",7f3366c44-489d-4603-b6d5-5a23ab43b433,AFALINA,Сахалинская обл.
Ахтиар,,8411085,БМРТ,,Эксплуатация,Дальневосточный,6501289105,"ООО РЫБОКОМБИНАТ ""ОСТРОВНОЙ""",5ddb64d7e-ec33-e20d-7265-c717e3c59313,AHTIAR,Сахалинская обл.
Ачинск,АК-0751,8134912,,,Эксплуатация,Северный,2901128602,"АО ""АТФ""",74ad60777-79d3-98c4-d3ab-e05089d1bcdc,ACHINSK,Мурманская обл.
Аякс,,,РС,,Эксплуатация,Дальневосточный,2536334993,"ООО ""ВЛАДКРАБ""",23822438a-acd8-2f00-5992-1b46f58de23c,AYAKS,Приморский край
Аян,,,СРТМ,,Эксплуатация,Дальневосточный,2722090350,"АО ""Дальневосточное морепромышленное объединение""",780cf600b-b751-a820-06b4-e38aa3ad2dbf,AYAN,Хабаровский край
БАРЕНЦЕВО МОРЕ,АК-0074,9836153,,,Эксплуатация,Северный,2901128602,"АО ""АТФ""",7fd072328-8103-79d2-3be3-570aa1c44166,BARENTSEVO MORE,Мурманская обл.
БАТМ К-1864,К-1864,,БАТМ,,Эксплуатация,Норвежский,3908021441,"АО ""РПК ""РЫБФЛОТ-ФОР""",85c88d7bc-c4e9-e62e-ff0c-3f8cf6fba491,RUN AN 1,Калининградская обл.
БАТМ К-1966,К-1966,,БАТМ,,Эксплуатация,Норвежский,3908021441,"АО ""РПК ""РЫБФЛОТ-ФОР""",85c88d7bc-c4e9-e62e-ff0c-3f8cf6fba491,RUN AN 1,Калининградская обл.
БЕЛОЕ МОРЕ,АК-6587,9775696,,,Эксплуатация,Северный,2901128602,"АО ""АТФ""",0071c69dd-da4b-31fc-918c-35da8cd0c712,BELOE MORE,Мурманская обл.
Багратион,,,РТ,,Эксплуатация,Дальневосточный,2537008664,"АО ""ИНТРАРОС""",81916b1cc-c791-82d6-06e5-02ae59067e10,BAGRATION,Приморский край
Багратион,,,,,Эксплуатация,Дальневосточный,2538146392,"ООО ""ЭЛЬБРУС""",81916b1cc-c791-82d6-06e5-02ae59067e10,BAGRATION,Приморский край
Байга,АК-0752,,,,Эксплуатация,Северный,1002006360,"ООО ""СОГЛАСИЕ""",bef953f51-1c05-db35-5f15-d8fc75feed48,BAYDA,Мурманская обл.
Бакланово,,7945663,,,Эксплуатация,Дальневосточный,4100000530,"АО ""ОКЕАНРЫБФЛОТ""",4a4030a1d-dc04-5af4-26de-399174889aa5,BAKLANOVO,Камчатский край
Баренцбург,МК-0644,,,,Эксплуатация,Северный,5190303200,"ООО «КАРАТ-1""",23701c30b-b56d-ad98-56cd-b65ac750b653,BARENTSBURG,Мурманская обл.
Барс,,,РШ,,Эксплуатация,Дальневосточный,2518001230,"ООО ""ВОСХОД""",9e03f040d-d1ed-031b-4378-06b521a9ad6c,BARCELONA,Приморский край
Баскунчакский,,8723311,РТ,,Эксплуатация,,9201011440,"ООО ""МОРСКОЙ КОЛОКОЛ""",a003747e3-369f-b1df-a89b-5b83ae811a73,BASKUNCHAKSKIY,г. Севастополь
Бекас,,,РС,,Эксплуатация,Дальневосточный,6518009557,"ООО ""ОСТРОВНОЙ-КРАБ""",92adc84a8-8165-f9db-d319-82afee1a764a,BEKAS,Сахалинская обл.
Беломорск,СП-4326,,,,Эксплуатация,Северный,1011008571,"ООО ""РК ""ВИРМА""",c1404e7a9-9615-24bd-a0c9-7317ddcc8d95,BELOMORSK,Мурманская обл.
Березина,,,БМРТ,,Эксплуатация,Дальневосточный,2537008664,"АО ""ИНТРАРОС""",b1b72b533-3bdc-ff9f-32a6-1d43ed694d36,BEREZINA,Приморский край
Бикин,,8352162,РС,,Эксплуатация,Дальневосточный,2536312196,"ООО ""АТЛАНТИК КРАБ""",df8f53dfc-c22b-2d91-07d2-0e9fe4ce99f8,BIKIN,Приморский край
Бланкет,,9055230,,,Эксплуатация,Дальневосточный,4101153635,"АО ""ЯМСЫ""",7a0ff247a-a476-b9e7-7216-a4f5dd33cc7c,BLANKET,Камчатский край
Борей,М-0264,,,,Эксплуатация,Северный,5193400971,ООО «НОРД-КАП»,ea7dc7a0f-f197-da03-0128-ef369f2df387,BOREY,Мурманская обл.
Борис Зайцев,М-0202,9137478,,,Эксплуатация,Северный,5100000010,ПАО «МУРМАНСКИЙ ТРАЛОВЫЙ ФЛОТ» ИЛИ ПАО «МТФ»,cf7341971-1337-b77b-4c28-a7c71586c5b5,BORIS ZAYTSEV,Мурманская обл.
Борис Трофименко,,8907058,,,Эксплуатация,Дальневосточный,4101013772,"АО ""Акрос""",a0d8c25d9-9680-fcda-a966-36c5a83e4f6d,BORIS TROFIMENKO,Камчатский край
Борисов,,7941631,БМРТ,,Эксплуатация,Дальневосточный,2508010370,"ООО ТОРГОВО-ПРОИЗВОДСТВЕННАЯ КОМПАНИЯ ""ИРНА""",995beb1c1-117a-3c44-44a8-531c2583822e,BORISOV,Камчатский край
Бородино,,8831649,БМРТ,,Эксплуатация,Дальневосточный,2500000073,"АО ""ДАЛЬРЫБА""",4070b7b88-8a17-1815-4e6a-f14ebd9451ff,BORODINO,Приморский край
Бородино,,8831649,БМРТ,,Эксплуатация,Дальневосточный,2537008664,"АО ""ИНТРАРОС""",4070b7b88-8a17-1815-4e6a-f14ebd9451ff,BORODINO,Приморский край
Бостон,МК-2143,,,,Эксплуатация,Северный,5190087630,"ООО ""ЛАЙФИКС ФУДС""",0d9c9f73c-cb15-44bc-4c1d-df080703a06d,,Мурманская обл.
Братцево,,8721806,СРТМ,,Эксплуатация,Дальневосточный,8203002819,"ООО ""ТЫМЛАТСКИЙ РЫБОКОМБИНАТ""",20379899d-dcb2-07ec-ba3d-70e48601ede6,BRATTSEVO,Камчатский край
Братья Стояновы,К-2060,8729987,БАТМ,,Эксплуатация,Норвежский,3905035083,"АО ""РЫБОПРОМЫСЛОВАЯ КОМПАНИЯ ФОР""",8389a0531-1244-73a2-e085-7dd18409e9a2,BRATYA STOYANOVY,Калининградская обл.
Браузер,,8320925,РШ,,Эксплуатация,Дальневосточный,2723194055,"ООО ""МЕРЛИОН""",71882c052-2bdd-aff4-ec8d-f1147d7070ef,BRAUZER,Приморский край
Брест,МК-0551,7523283,,,Эксплуатация,Северный,5190041185,"ООО ""СОВМЕСТНОЕ ПРЕДПРИЯТИЕ ""СОЮЗРЫБА""",2a1640cf7-728a-0da1-1d79-0ba0fc052c78,BREST,Мурманская обл.
Бриз,,,СРТМ,,Эксплуатация,Дальневосточный,6515000242,"АО ""СК БСФ""",54d3a00e3-38f6-9018-1cad-adc81e0b1017,BRIZ,Сахалинская обл.
Бутес,МК-0079,9409637,,,Эксплуатация,Северный,5191315872,ООО «НОРД ПИЛИГРИМ»,551012a35-5f8d-7bd0-f658-7d1f1792f358,BUTES,Мурманская обл.
Бутовск,,7941643,БМРТ,,Эксплуатация,Дальневосточный,6501292475,"ООО ""МЕРКУРИЙ""",0258fd7e3-3578-eec2-f9e9-e03f9914c082,BUTOVSK,Камчатский край
Бухта Нагаева,,,ТР,,Эксплуатация,Дальневосточный,4909070355,ООО «МАГ-СИ ИНТЕРНЕШНЛ»,105c3e75e-e5a9-944c-a1f2-779b6e1f351a,,Магаданская обл.
Бухта Преображения,,,ТР,,Эксплуатация,Дальневосточный,2518000814,"ПАО ""ПБТФ""",105c3e75e-e5a9-944c-a1f2-779b6e1f351a,,Приморский край
Вайгач,МК20892,9906386,,,Эксплуатация,Северный,5105005573,"ООО ""ФРОСТЕР""",f196731d6-6e67-e980-5e33-37bb47ee97fb,VAYGACH,Мурманская обл.
Валентин Мантуров,МК20038,9848596,,,Эксплуатация,Северный,2917001834,"ООО «СОГРА""",3883fa7a7-7185-34a9-b603-94031994bd06,VALENTIN MANTUROV,Мурманская обл.
Валерий Маслаков,,9231391,СРТМ,,Эксплуатация,Дальневосточный,2704007990,"ООО ""АНТЕЙ""",5638f4465-5588-8ee8-565a-14c9b8613c03,VALERIY MASLAKOV,Приморский край
Вариант,МК-0182,,,,Эксплуатация,Северный,7728048794,"АО ""РПФ ВАРИАНТ""",1e5e222ac-cfe1-1a4f-d484-8e9f47df07da,VARIANT,Мурманская обл.
Василий Головнин,МК-0361,8913277,,,Эксплуатация,Северный,5100000010,ПАО «МУРМАНСКИЙ ТРАЛОВЫЙ ФЛОТ» ИЛИ ПАО «МТФ»,fe9b0337e-e18d-0817-f74a-0fa9a4864a2a,VASILIY GOLOVNIN,Мурманская обл.
Василий Каленов,,8908129,РТ,,Эксплуатация,Дальневосточный,6507005529,"ООО «ПОРОНАЙ""",1c0c16f47-7ac8-eb4e-f5bd-79ffb9a37978,VASILIY KALENOV,Сахалинская обл.
Василий Лозовский,М-0009,8607323,,,Эксплуатация,Северный,5190098311,"ООО ""СТРЕЛЕЦ-1""",03f1a31a5-51c5-498e-8457-77e2df2f2365,VASILIY LOZOVSKIY,Мурманская обл.
Василий Лозовский,М-0009,8607323,,,Эксплуатация,Северный,5191407604,"ООО «СТРЕЛЕЦ""",03f1a31a5-51c5-498e-8457-77e2df2f2365,VASILIY LOZOVSKIY,Мурманская обл.
Василий Филиппов,МК5119,8607191,,,Эксплуатация,Северный,5100000010,ПАО «МУРМАНСКИЙ ТРАЛОВЫЙ ФЛОТ» ИЛИ ПАО «МТФ»,3d9dec0da-af8c-bd6f-0da7-4ba3a8891b83,VASILIY FILIPPOV,Мурманская обл.
Васильевский остров,,8721181,БМРТ,,Эксплуатация,Дальневосточный,8701003484,"АО «ТРАЛФЛОТ""",a2ee35539-95e4-5b4f-d92e-bc9f16a1c9ac,VASILYEVSKIY OSTROV,Хабаровский край
Вега,М-0184,,,,Эксплуатация,Северный,5190500022,АО НПП «ВЕГА»,8b0be4dc8-8a46-50ea-96a7-85c45d985f39,VEGA,Мурманская обл.
Вераспер,,9055266,,,Эксплуатация,Дальневосточный,8203002819,"ООО ""ТЫМЛАТСКИЙ РЫБОКОМБИНАТ""",981d7aa26-6a57-5b54-1bdf-845aa36afb9c,VERASPER,Камчатский край
Виданово,,8845743,СТР,,Эксплуатация,Дальневосточный,6501231095,"ООО ""КУК""",e502508ac-ca9d-1f28-57fa-c05e70b0da51,VIDANOVO,Сахалинская обл.
Викинг,М-0337,,,,Эксплуатация,Северный,2901069731,"ООО ""ЯГРЫ""",585665b87-7002-1916-badc-502bd83bec2d,VIKING,Мурманская обл.
Виктория 3,,,СРТМ,,Эксплуатация,Дальневосточный,2723050060,"ООО ""СИГМА МАРИН ТЕХНОЛОДЖИ""",740d7eafe-e487-2f9b-fa49-a502b4a92e77,VIKTORIYA-A,Хабаровский край
Виктория I,,,РТ,,Эксплуатация,Дальневосточный,6516008452,"ООО ""НЕВОД""",2352f2cf2-2bcd-557a-d2a9-161744c38b1a,VIKTORIYA-1,Сахалинская обл.
Виктория I,,,,,Эксплуатация,Дальневосточный,4101013772,"АО ""Акрос""",2352f2cf2-2bcd-557a-d2a9-161744c38b1a,VIKTORIYA-1,Камчатский край
Виктория-II,,8897136,РТ,,Эксплуатация,Дальневосточный,6516008452,"ООО ""НЕВОД""",9801430cd-dca1-6220-6387-7f64dfbcde2c,VIKTORIYA-II,Сахалинская обл.
Вильгельм Торстейнссон,,,СРТМ,,Эксплуатация,Дальневосточный,6505008098,"ООО ""ПРОЛИВ""",,,Камчатский край
Вилюй,,8805303,РС,,Эксплуатация,Дальневосточный,2536312213,"ООО ""ПАСИФИК КРАБ""",d78e179a2-207c-fd6f-34fc-fead0a9d717e,VILYUY,Приморский край
Вилючинский,,8901444,,,Эксплуатация,Дальневосточный,4101013772,"АО ""Акрос""",968fa69f5-5f43-6d27-bd94-75cb4be028dd,VILYUCHINSKY,Камчатский край
Виноградное,,8227068,СРТМ,,Эксплуатация,,9102198130,"ООО ""МОРСКАЯ КОМПАНИЯ ""ТРАНС-СЕРВИС""",dfa09ea96-6d3b-9049-9211-4777c0bbcbda,VINOGRADNOE,г. Севастополь
Виноградное,,8227068,СРТМ,,Эксплуатация,,9102198130,"ООО ""МОРСКАЯ КОМПАНИЯ ""ТРАНС-СЕРВИС""",dfa09ea96-6d3b-9049-9211-4777c0bbcbda,VINOGRADNOE,Республика Крым
Витим,,,РС,,Эксплуатация,Дальневосточный,2536312213,"ООО ""ПАСИФИК КРАБ""",665b5daf2-2613-9de8-2515-e797c8bbd224,Z/S VITIM,Приморский край
Витус Беринг,МК-0357,,,,Эксплуатация,Северный,5100000010,ПАО «МУРМАНСКИЙ ТРАЛОВЫЙ ФЛОТ» ИЛИ ПАО «МТФ»,78adb25c4-43e9-558d-867d-f073d21d6bf9,KOMANDOR BERING,Мурманская обл.
Витус Беринг,МК-0357,,,,Эксплуатация,Северный,5191431188,АО «МУРМАНСКИЙ ГУБЕРНСКИЙ ФЛОТ» ИЛИ АО «МГФ»,78adb25c4-43e9-558d-867d-f073d21d6bf9,KOMANDOR BERING,Мурманская обл.
Витязь,МК-0074,,,,Эксплуатация,Северный,5191315872,ООО «НОРД ПИЛИГРИМ»,8089a7018-8415-a2fc-b68e-8f8556635332,VITYAZ 1,Мурманская обл.
Владивосток,,8907474,БМРТ,,Эксплуатация,Дальневосточный,2536053382,АО ТУРНИФ,ff4d3fa5f-f0bd-285a-9417-8c06e0f49d0f,VLADIVOSTOK,Приморский край
Владимир Бабич,,8721210,,,Эксплуатация,Дальневосточный,4100000530,"АО ""ОКЕАНРЫБФЛОТ""",af3214e67-7aa7-e329-90ac-0ca138843408,VLADIMIR BABICH,Камчатский край
Владимир Бирюков,,9910674,,,Эксплуатация,Дальневосточный,4100000530,"АО ""ОКЕАНРЫБФЛОТ""",de2424ae7-762a-81d8-03a1-815ff9936117,VLADIMIR BIRYUKOV,Камчатский край
Владимир Загоскин,М-0258,7607273,,,Эксплуатация,Северный,5193103376,АО «МОРСКОЕ СОДРУЖЕСТВО»,019a359d6-64df-b77c-dba8-07a1dffaad92,VLADIMIR ZAGOSKIN,Мурманская обл.
Владимир Никора,,9935856,СРТМ,,Эксплуатация,Дальневосточный,6515000242,"АО ""СК БСФ""",c6a025107-77ba-3d94-654e-8ee5d5c90450,VLADIMIR NIKORA,Сахалинская обл.
Владимир Старжинский,,,,,Эксплуатация,Дальневосточный,2536247860,"АО «РОЛИЗ""",,,Камчатский край
Войково,М-0136,8033924,,,Эксплуатация,Северный,5110330018,"СПК РК ""МУРМАН""",b9d68030b-bf8a-efd1-5393-4cacb886d873,VOYKOVO,Мурманская обл.
Волк Арктики,ПК-1654,8024002,,,Эксплуатация,Северный,5190081090,"ООО ""Антей Север""",0654c93d5-5008-6dba-a668-b8527714db24,VOLK ARKTIKI,Мурманская обл.
Восток-1,,9160516,ЯМС,,Эксплуатация,Дальневосточный,2536010639,"АО ""Р/К ""ВОСТОК-1""",4d90ebddd-dc5d-1dbc-b849-9b81f6e1092b,VOSTOK1,Приморский край
Восток-3,,9058048,ЯМС,,Эксплуатация,Дальневосточный,2536010639,"АО ""Р/К ""ВОСТОК-1""",305145b86-6128-7819-9d9a-f1546d63b5d5,VOSTOK-3,Приморский край
Восток-5,,8809294,ЯМС,,Эксплуатация,Дальневосточный,2536010639,"АО ""Р/К ""ВОСТОК-1""",b33926345-5225-79c6-4959-a1a450d1b209,VOSTOK-5,Приморский край
Восток-7,,8815334,ЯМС,,Эксплуатация,Дальневосточный,2536010639,"АО ""Р/К ""ВОСТОК-1""",d43b78f34-4111-2f21-d76a-51839dc733f3,VOSTOK 7,Приморский край
Восток-8,,9315587,ЯМС,,Эксплуатация,Дальневосточный,2536010639,"АО ""Р/К ""ВОСТОК-1""",b552bc85e-ea6c-77de-a0ff-19cc1b9c6191,VOSTOK 8,Приморский край
Всеволод Сибирцев,,8610277,ПБ,,Эксплуатация,Дальневосточный,2508098600,"АО ""ЮЖМОРРЫБФЛОТ""",75f5042c6-671b-4835-39d9-67d7f904bcce,VSEVOLOD SIBIRTSEV,Приморский край
Вутан,М-0173,8330712,,,Эксплуатация,Северный,5105090018,СПК РК «ЭНЕРГИЯ»,4bfa7b5ca-a84e-8f05-55ac-8634ffc2e0f4,VUTAN,Мурманская обл.
ГАНДВИК-1,СП27305,8881618,,,Эксплуатация,Северный,1011008571,"ООО ""РК ""ВИРМА""",360dc2ad8-8643-3634-cef4-4d85379fa800,GANDVIK,Мурманская обл.
ГЕРМЕС,,,СРТМ,,Эксплуатация,Дальневосточный,6501237700,"ООО ""РОСРЫБФЛОТ""",ff6c3c0d9-9de5-b94c-5f15-6d1d1d67535c,GERMES,Камчатский край
Галатис,М-0120,8826541,,,Эксплуатация,Северный,5191312712,ООО «БИОС-АРКТИК»,34fab0622-209f-5726-1277-5199c5e147d9,GALATIS,Мурманская обл.
Галмаги,,,,,Эксплуатация,Дальневосточный,6515003317,"ООО ""АЛАИД""",be70595fe-e699-4ff7-d0cd-deef3a7b55e6,GAL MEA GI,Сахалинская обл.
Гамов,,9279460,РС,,Эксплуатация,Дальневосточный,2536334993,"ООО ""ВЛАДКРАБ""",ba493ea1b-b441-3cbb-23f1-0b6195a9d990,GAMOV,Приморский край
Гасангусейнов О.М.,,,,,Эксплуатация,,235208877323,ГАСАНГУСЕЙНОВ ОМАР МАЛИКОВИЧ,,,Краснодарский край
Гемма,М-0186,,,,Эксплуатация,Северный,5190500022,АО НПП «ВЕГА»,6ea7938ab-b7cd-c3b4-bdfa-acdc79f8c655,GEMMA,Мурманская обл.
Генерал Трошев,,9121144,ТР,,Эксплуатация,Дальневосточный,2518000814,"ПАО ""ПБТФ""",eff28efbd-d882-8555-9fbb-caff384b29fe,GENERAL TROSHEV,Приморский край
Геньё Мару,,,РШ,,Эксплуатация,Дальневосточный,2540176115,"ООО ""АТЛАНТ""",5d5ec1a9c-ca44-8b08-efd4-e98f45ea33eb,MARU MARU,Приморский край
Георгий Мещеряков,,9869411,,,Эксплуатация,Дальневосточный,4100000530,"АО ""ОКЕАНРЫБФЛОТ""",43b637fd9-94d8-0be2-5dfa-4ea07aba77b7,GEORGIYMESHCHERYAKOV,Камчатский край
Геркулес,,8977508,СРТМ,,Эксплуатация,Дальневосточный,6501237700,"ООО ""РОСРЫБФЛОТ""",e5144c213-3996-e15c-7a05-df39b0e11c41,GERKULES,Камчатский край
Герои Даманского,,8716875,СРТМ,,Эксплуатация,Дальневосточный,4108003484,"АО ""Озерновский РКЗ № 55""",fe07f496c-c86b-7dba-9c81-c3a2497327ef,GEROI DAMANSKOGO,Камчатский край
Герои Широнинцы,,7832945,БМРТ,,Эксплуатация,Дальневосточный,2721023255,"ООО ""ВОСТОКРЫБПРОМ""",7ff99d590-0692-0cb0-8a39-23e6f412a669,HIRONIN,Хабаровский край
Гефест,,8359237,СТР,,Эксплуатация,Дальневосточный,2531008227,"ООО ""ХАСАНРЫБА""",f3561e3c6-6131-1ad8-e47f-6aa9f6f00e40,GEFEST,Приморский край
Глейшер Энтерпрайз,М-0252,,,,Эксплуатация,Северный,5191204516,"ООО ""Арктиксервис""",,,Мурманская обл.
Гнупур,АК3155,8117550,,,Эксплуатация,Северный,1011008571,"ООО ""РК ""ВИРМА""",2a06d95c8-8e13-39be-970f-9e6c79366285,GNUPUR,Мурманская обл.
Горин,,8661202,РС,,Эксплуатация,Дальневосточный,2536312213,"ООО ""ПАСИФИК КРАБ""",86561fca6-6714-afb8-8723-4d6694ff876e,GORIN,Приморский край
Гранит,,,СРТМ,,Эксплуатация,Дальневосточный,4100006765,"ООО РК «ЛУНТОС""",4c84c1f82-2879-1263-4fd7-da57bb6eaaaf,GRANIT,Камчатский край
Гринда,,,,,Эксплуатация,Дальневосточный,6501289105,"ООО РЫБОКОМБИНАТ ""ОСТРОВНОЙ""",9a2340ff7-7c4d-477e-c592-f436e3561f6c,UMB-893K,Сахалинская обл.
Гриф,,7920053,МРТР,,Эксплуатация,,9204013621,"ООО ""ССВ""",44d114998-8b63-aca8-d282-f28a67ff097b,GRIF,Республика Дагестан
Гулдрангур,М-0226,8315944,,,Эксплуатация,Северный,5193410419,"ООО ""СААМИ""",bdb048c0e-e88c-368d-77a4-d826ca839fed,GULDRANGUR,Мурманская обл.
Гурд,,8821371,СРТМ,,Эксплуатация,Дальневосточный,2723050060,"ООО ""СИГМА МАРИН ТЕХНОЛОДЖИ""",0cb7110b7-7dc0-0ebd-2f21-8ea44e64b50d,GURD,Хабаровский край
ДАЛЬМОС,,8856998,,,Эксплуатация,Дальневосточный,8200001479,"ООО ""ПОЛЛУКС""",72bf1f832-2d75-947d-c08e-94c57eaa8f4e,DALMOS,Камчатский край
Даллия,,9011222,РС,,Эксплуатация,Дальневосточный,6501289105,"ООО РЫБОКОМБИНАТ ""ОСТРОВНОЙ""",1431fd31f-fdd4-fec4-a49f-0df13b2664b5,DALLIA,Сахалинская обл.
Даллия,,9011222,РС,,Эксплуатация,Дальневосточный,4101138370,ООО «ПОЛАР СИ»,1431fd31f-fdd4-fec4-a49f-0df13b2664b5,DALLIA,Камчатский край
Дарья,АК-0804,,,,Эксплуатация,Северный,2917002250,"ООО ""СЕВНАУЧФЛОТ""",4b6c6a134-47ef-c5fa-d805-ae2f798c30e4,DAR`YA,Мурманская обл.
Демократ Леонов,,9076844,СРТМ,,Эксплуатация,Дальневосточный,4108003484,"АО ""Озерновский РКЗ № 55""",597601534-4f37-9571-880a-58ab285c8788,DEMOKRAT LEONOV,Камчатский край
Динар,,,СРТМ,,Эксплуатация,Дальневосточный,2723050060,"ООО ""СИГМА МАРИН ТЕХНОЛОДЖИ""",33ad94a40-044a-9e06-8e64-bb79e7c85d65,DINAR,Хабаровский край
Диомидис,М-0259,9696527,,,Эксплуатация,Северный,5191204516,"ООО ""Арктиксервис""",a59195c0b-b8da-6043-957a-46b726fff67a,DIOMIDIS,Мурманская обл.
Дионис,,8504519,СРТМ,,Эксплуатация,Дальневосточный,6501237700,"ООО ""РОСРЫБФЛОТ""",2af72d8b2-228f-cef6-dcff-4fbe7e9dbae3,PROTON,Камчатский край
Дистинкт,М-0183,9076636,,,Эксплуатация,Северный,7728048794,"АО ""РПФ ВАРИАНТ""",5a409bc71-1b38-076d-2e87-c0f2f76e82d9,DISTINKT,Мурманская обл.
Дмитрий,,7418725,СРТМ,,Эксплуатация,,9204013621,"ООО ""ССВ""",90442259e-ef83-70d3-9899-369f5334a5db,DMITRIY,г. Севастополь
Дмитрий Кожарский,КД-2288,9836191,БМРТ,,Эксплуатация,Норвежский,3905000203,"АО «АТЛАНТРЫБФЛОТ""",6761598c3-3802-ce74-1e5e-821b878e9578,DMITRY KOZHARSKIY,Калининградская обл.
Дмитрий Коноплев,,9943968,РТ,,Эксплуатация,Дальневосточный,2508136358,"ООО ""ТРК""",ac103807e-e60a-8380-2bf2-fbb2203603bd,DMITRIY KONOPLEV,Приморский край
Доброволец,,9185372,,,Эксплуатация,Дальневосточный,2536084366,"ООО ""ПРИМРЫБФЛОТ""",91e62f9bc-c37b-2517-e13f-da16c75af83a,ARKA-37,Приморский край
Долгощелье,М-0235,,,,Эксплуатация,Северный,5191308586,ООО «ПЕРСЕЙ»,,,Мурманская обл.
Енисей,,,РС,,Эксплуатация,Дальневосточный,2536312196,"ООО ""АТЛАНТИК КРАБ""",4ba2cedad-dcf9-1562-0a90-9cba39897abf,ENISEY,Приморский край
Ерофей,,8509935,,,Эксплуатация,Дальневосточный,4101189462,"ООО ""Минтай ДВ""",ac3a6a3b1-148d-6e51-1824-45d15f40f212,EROFEY,Хабаровский край
ЗЕЕЛАНД,,,БМРТ,,Эксплуатация,Дальневосточный,2540257244,"ООО ""ФОРПОСТ""",b169d2714-4b56-e39d-6322-e57ecdd2310d,ZEELAND,Приморский край
Залив Восток,,,,,Эксплуатация,Дальневосточный,2508098600,"АО ""ЮЖМОРРЫБФЛОТ""",575267204-4b28-fa63-3c3a-ad8c22205e26,ZALIV,Приморский край
Залив Забияка,,7376410,РТ,,Эксплуатация,Дальневосточный,4909084252,"АО «ТРАЛКОМ""",e87fab931-1b91-74a3-fb59-b95bbe39b495,ZALIV ZABIYAKA,Магаданская обл.
Залив Ольги,,8880286,СРТМ,,Эксплуатация,Дальневосточный,2500000073,"АО ""ДАЛЬРЫБА""",0d30616fd-d6ae-ffba-5f55-8923c8a26093,ZALIV OLGI,Приморский край
Залив Петра,,9130822,СРТМ,,Эксплуатация,Дальневосточный,4909120133,"ООО ""СЕВРЫБФЛОТ""",ec1da90ed-d863-d66e-6df4-c12efaa8ffbd,ZALIV PETRA,Сахалинская обл.
Замоскворечье,К-1989,9077587,БАТМ,,Эксплуатация,Норвежский,3903000159,"ЗАО ""ВЕСТРЫБФЛОТ""",e099d7bc5-538c-8471-e878-829bbf12ae58,ZAMOSKVORECHYE,Калининградская обл.
Заполярье,МК-6239,9524205,,,Эксплуатация,Северный,8300080121,«СПК РК «АНДЕГ»,64cc6c06a-aa89-287c-a667-907453354f54,ZAPOLYARYE,Мурманская обл.
Звезда Мурмана,М-0351,7032179,,,Эксплуатация,Северный,5193104122,АО «МУРМАНРЫБФЛОТ 2»,7f8fbca68-8b40-4cf3-edef-f26529a50ec0,ZVEZDA MURMANA,Мурманская обл.
Звезда Севера,МК9828,7382914,,,Эксплуатация,Северный,5190081090,"ООО ""Антей Север""",691dd85f1-17fe-6d57-4568-711d185048e0,ZVEZDA SEVERA,Мурманская обл.
ИЗУМРУД,,,,,Эксплуатация,Дальневосточный,4101175621,"ООО ""ЗВЕЗДА ВОСТОКА""",e268bc4d9-94d2-a010-c15b-fba0955b61a3,IZUMRUD,Приморский край
ИП Коробка Е.Г.,,,,,Эксплуатация,,615412030479,КОРОБКА ЕВГЕНИЙ ГЕННАДЬЕВИЧ,,,Ростовская обл.
Иван Мошляк,,8832033,СТР,,Эксплуатация,Дальневосточный,2540078397,"АО ""ДАЛЬРЫБПРОМ""",6ce089b67-7162-700c-fc15-28de3571583c,IVAN MOSHLYAK,Приморский край
Изумруд,АК -0777,,,,Эксплуатация,Северный,2921001587,МОСКОВСКИЙ ФЛ РК ИМ. М. И. КАЛИНИНА,e268bc4d9-94d2-a010-c15b-fba0955b61a3,IZUMRUD,Мурманская обл.
Икларанд,,7740934,СРТМ,,Эксплуатация,Дальневосточный,2539094179,"ООО ""ДЕЛЬФИН""",c6901c7ba-a573-b395-916a-155a028997f4,IKLARAND,Приморский край
Илья Коновалов,,8721167,БМРТ,,Эксплуатация,Дальневосточный,2508007948,"ПАО ""НБАМР""",bf87e0b31-13a4-b329-2af6-dd694d2bddbc,ILYA KONOVALOV,Приморский край
Инженер Фаустов,,,СТР,,Эксплуатация,Дальневосточный,2536198370,"ООО ""ВОСТОКРЫБПРОМ""",,,Приморский край
Иня,,8423258,,,Эксплуатация,Дальневосточный,2715002088,"РЫБОЛОВЕЦКАЯ АРТЕЛЬ ""ИНЯ""",43a0cd842-2bd8-585c-efa6-baa92904f0ae,INYA,Хабаровский край
Иоланта,,,СРТМ,,Эксплуатация,Дальневосточный,6501078432,"ООО ""ПО САХАЛИНРЫБАКСОЮЗ»",fdbfcd84e-ed13-8ca0-3eac-280881e4fa94,IOLANTA,Сахалинская обл.
Иосиф Шмелькин,К - 2156,8917223,БМРТ,,Эксплуатация,Норвежский,3903017709,АО «МОРСКАЯ ЗВЕЗДА»,a82a8dced-d189-bda4-cb45-12c3943fffc6,IOSIF SHMELKIN,Калининградская обл.
Ирида,,,СРТМ,,Эксплуатация,Дальневосточный,6515002391,"ООО ""ГРАНИС""",ceada3927-7032-483d-8a7a-3552b498ef1b,IRIDA,Сахалинская обл.
Иркут,,9128714,РС,,Эксплуатация,Дальневосточный,2536312206,"ООО ""КАМЧАТКА КРАБ""",2ca1c3012-2271-15cd-ea08-2e536333f615,IRKUT,Приморский край
Иртышск,,8331534,,,Эксплуатация,Дальневосточный,4100000530,"АО ""ОКЕАНРЫБФЛОТ""",0b811abad-d586-de5f-4a87-4f3a88f977be,IRTYSHSK,Камчатский край
Ихтиолог,,8804309,РС,,Эксплуатация,Дальневосточный,4101016808,РК ИМ. В.И. ЛЕНИНА,2702b168b-bcca-c489-f62b-d26d13183924,IKHTIOLOG,Камчатский край
К «Лунга»,,,СРТМ,,Эксплуатация,,9201000913,"ООО ""ДИНЕРС""",16e86f509-99a5-645e-bec7-9945d4a31744,ROBACHOP,г. Севастополь
КАЙРОС,,,РТ,,Эксплуатация,Дальневосточный,6501237700,"ООО ""РОСРЫБФЛОТ""",995bc578f-fefc-d947-521f-6c1b3e1f874f,KAYROS,Камчатский край
КАМЧАТКА ХАРВЕСТ,,9113068,СРТМ,,Эксплуатация,Дальневосточный,8203010714,"АО ""КОЛХОЗ ИМ. БЕКЕРЕВА""",67bed83b9-978f-f65e-c139-0aa2d56197ef,KAMCHATKA HARVEST,Камчатский край
КАНИН НОС,МК7710,8813702,,,Эксплуатация,Северный,5190303200,"ООО «КАРАТ-1""",0fd2bde5c-c736-40ab-680d-b5783a547ea5,KANIN NOS,Мурманская обл.
КАПИТАН,МК27970,,,,Эксплуатация,Северный,5190081090,"ООО ""Антей Север""",ba94e89ee-e9f8-c2fa-8a71-d38de42ef6c9,KAPITAN,Мурманская обл.
КАПИТАН КАЙЗЕР,,8907149,,,Эксплуатация,Дальневосточный,2536247860,"АО «РОЛИЗ""",183dae0a0-0d0f-e52a-c842-30001d49ae01,KAPITAN KAYZER,Камчатский край
КИЛЬДИН,МК0121,9756315,,,Эксплуатация,Северный,5100000010,ПАО «МУРМАНСКИЙ ТРАЛОВЫЙ ФЛОТ» ИЛИ ПАО «МТФ»,71401563f-f7af-883e-907d-b232299e7841,KILDIN,Мурманская обл.
КОМАНДОР,ПК 6896,8718158,,,Эксплуатация,Дальневосточный,4101013772,"АО ""Акрос""",9cda982a2-2056-3bf0-8333-8aead3deb839,KOMANDOR,Камчатский край
КУЛОЙ,АК4315,9920590,,,Эксплуатация,Северный,2917000164,"СПК  ""РК   ""СЕВЕР""",2b90d3a99-99be-9a39-fb7d-cd65b15e0d39,KULOY,Мурманская обл.
Калам,,,,,Эксплуатация,Дальневосточный,4101153635,"АО ""ЯМСЫ""",7954ce363-37fa-10d1-e356-b0eda503da16,KALAM,Камчатский край
Калкан,,,,,Эксплуатация,Дальневосточный,4101153635,"АО ""ЯМСЫ""",55d3c25d5-5408-0611-a924-f7b9088006c9,KALKAN,Камчатский край
Каллиста,,,СРТМ,,Эксплуатация,Дальневосточный,2505008333,"ООО ""МОРСКОЙ БРИЗ""",,,Приморский край
Калтан,,9047984,СДС,,Эксплуатация,Дальневосточный,2540078397,"АО ""ДАЛЬРЫБПРОМ""",26ddf96e1-11e1-8588-990c-238713f011f7,KALTAN,Приморский край
Калыгирь,,8859794,СТР,,Эксплуатация,Дальневосточный,6516008452,"ООО ""НЕВОД""",7f9b3b274-4133-0a37-b84d-3dbee7beb8a4,KALYGIR,Сахалинская обл.
Калыгирь,,8859794,СТР,,Эксплуатация,Дальневосточный,2543105698,"ООО «ТРИЕРА""",7f9b3b274-4133-0a37-b84d-3dbee7beb8a4,KALYGIR,Приморский край
Капелан,АК-0657,9055280,,,Эксплуатация,Северный,2921001587,МОСКОВСКИЙ ФЛ РК ИМ. М. И. КАЛИНИНА,a0c310768-87bb-81e3-b1c0-520e03f700d8,KAPELAN,Мурманская обл.
Капитан Александров,,9937139,РС,,Эксплуатация,Дальневосточный,2536312213,"ООО ""ПАСИФИК КРАБ""",53ac792dd-df9b-c6ce-2e40-6e9d68905649,KAPITAN ALEKSANDROV,Приморский край
Капитан Асауленко,,8922981,СРТМ,,Эксплуатация,Дальневосточный,2536084366,"ООО ""ПРИМРЫБФЛОТ""",3f2285c02-2bcd-3279-6dcf-185cc6b61d65,KAPITAN ASAULENKO,Приморский край
Капитан Богомолов,,8607402,РТ,,Эксплуатация,Дальневосточный,6507005529,"ООО «ПОРОНАЙ""",57871468a-a994-35af-afb7-b9a23d9ed3aa,KAPITAN BOGOMOLOV,Сахалинская обл.
Капитан Богомолов,М-0010,8607402,,,Эксплуатация,Северный,5190103233,"ООО «ЭРИДАН""",57871468a-a994-35af-afb7-b9a23d9ed3aa,KAPITAN BOGOMOLOV,Мурманская обл.
Капитан Булатов,МК6613,9969558,,,Эксплуатация,Северный,5100000010,ПАО «МУРМАНСКИЙ ТРАЛОВЫЙ ФЛОТ» ИЛИ ПАО «МТФ»,2a1f32a0f-fd78-c2ce-0e18-1808e6aea55b,BERLIN,Мурманская обл.
Капитан Геращенко,МК-0549,8604022,,,Эксплуатация,Северный,5193104122,АО «МУРМАНРЫБФЛОТ 2»,d1d38ceee-eea0-ca00-50f2-4360e87cdb2c,KAPITAN GERASHCHENKO,Мурманская обл.
Капитан Громцев,,8714310,,,Эксплуатация,Дальневосточный,8203011154,"АО ""КЗБ-СЕЛЬДЬ""",b2f15f154-44fc-b294-6ca7-671cad8b1fd5,KAPITAN GROMTSEV,Камчатский край
Капитан Громцев,ПК-2595,8714310,,,Эксплуатация,Северный,1011005348,ООО «КАРЕЛЬСКИЕ МОРЕПРОДУКТЫ»,b2f15f154-44fc-b294-6ca7-671cad8b1fd5,KAPITAN GROMTSEV,Мурманская обл.
Капитан Демиденко,МК-0556,8907137,,,Эксплуатация,Северный,5100000010,ПАО «МУРМАНСКИЙ ТРАЛОВЫЙ ФЛОТ» ИЛИ ПАО «МТФ»,9855d900e-e309-15c0-f8a8-0661160137b0,KAPITAN DEMIDENKO,Мурманская обл.
Капитан Демидюк,,8624565,,,Эксплуатация,Дальневосточный,2518000814,"ПАО ""ПБТФ""",4ff71a5b0-0056-2cec-4c89-726e7f47ad56,KAPITAN DEMIDYUK,Приморский край
Капитан Долгих,М-0349,8612756,,,Эксплуатация,Северный,5190405869,"АО «РЫБПРОМИНВЕСТ""",1a48d4ea0-06d9-e71e-c0cd-f199c649822e,KAPITAN DOLGIKH,Мурманская обл.
Капитан Дудник,,9930478,РС,,Эксплуатация,Дальневосточный,2536312206,"ООО ""КАМЧАТКА КРАБ""",87e645cdc-cb31-8556-df1d-4af0ce7a0e31,KAPITAN DUDNIK,Приморский край
Капитан Егоров,,9937141,РС,,Эксплуатация,Дальневосточный,2536312206,"ООО ""КАМЧАТКА КРАБ""",e7a4b1556-6204-5caf-ecdf-3e22b4b7e3ef,KAPITAN EGOROV,Приморский край
Капитан Ефремов,,8897588,,,Эксплуатация,Дальневосточный,2508098600,"АО ""ЮЖМОРРЫБФЛОТ""",9f2676815-5e69-f4a4-4824-5fc15531aa71,KAPITAN EFREMOV,Приморский край
Капитан Казанцев,,8897485,СТР,,Эксплуатация,Дальневосточный,6501231095,"ООО ""КУК""",db1069aa5-5319-c47e-3b8b-903d31a7d5d2,KAPITAN KAZANTSEV,Сахалинская обл.
Капитан Колесников,,8724327,,,Эксплуатация,Дальневосточный,2518000814,"ПАО ""ПБТФ""",d4cb2c6a6-6023-77dc-106a-cd0d8848e006,KAPITAN KOLESNIKOV,Приморский край
Капитан Ласков,,8834861,СТР,,Эксплуатация,Дальневосточный,4909125565,"ООО ""БУХТА ТИХАЯ-3""",680a9c686-66d9-d7b6-7422-049c1ad69ebc,KAPITAN LASKOV,Магаданская обл.
Капитан Манжолин,,9930466,РС,,Эксплуатация,Дальневосточный,2536312213,"ООО ""ПАСИФИК КРАБ""",09775ca96-69be-5650-ef63-bf4c90cd807f,KAPITAN MANZHOLIN,Приморский край
Капитан Мартынов,,9901166,БМРТ,,Эксплуатация,Дальневосточный,2536306467,"ООО ""НОВЫЙ СЕЙВАЛ""",5a7065a7e-e280-19c7-6f8a-a534ec71a47e,KAPITAN MARTYNOV,Приморский край
Капитан Масловец,,8859811,БМРТ,,Эксплуатация,Дальневосточный,2508007948,"ПАО ""НБАМР""",04c124746-68be-901e-79b3-ed6cf4cb28ff,KAPITAN MASLOVETS,Приморский край
Капитан Назин,МК-0378,8907046,,,Эксплуатация,Северный,5100000010,ПАО «МУРМАНСКИЙ ТРАЛОВЫЙ ФЛОТ» ИЛИ ПАО «МТФ»,e65393de1-1aef-21e5-e7d9-c5edef3bd07f,KAPITAN NAZIN,Мурманская обл.
Капитан Олейничук,,8625961,,,Эксплуатация,Дальневосточный,2536053382,АО ТУРНИФ,8dba3b898-81f8-c5dc-5693-56da3b9caf82,KAPITAN OLEYNICHUK,Приморский край
Капитан Рогозин,М-0138,8842600,,,Эксплуатация,Северный,5110330018,"СПК РК ""МУРМАН""",3419362ae-ef77-e2e6-f7cb-c39c0c229ad1,KAPITAN ROGOZIN,Мурманская обл.
Капитан Русанов,МК8935,9888950,,,Эксплуатация,Северный,5110330018,"СПК РК ""МУРМАН""",b0581c28f-f41b-667a-82d0-69129b91295c,KAPITAN RUSANOV,Мурманская обл.
Капитан Сковпен,,9944883,РС,,Эксплуатация,Дальневосточный,2536312196,"ООО ""АТЛАНТИК КРАБ""",d08c12330-0dcc-e612-b8ed-a25dba6cc380,KAPITAN SKOVPEN,Приморский край
Капитан Соколов,МК27434,,,,Эксплуатация,Северный,5190405869,"АО «РЫБПРОМИНВЕСТ""",c55841fd1-1126-e7ac-0671-c1b78e9947db,KAPITAN SOKOLOV,Мурманская обл.
Капитан Соляник,,9120281,БАТМ,,Эксплуатация,Дальневосточный,2540257244,"ООО ""ФОРПОСТ""",2634e6546-6329-e81d-5f69-4ebcef19c870,HUMPBACK WHALE,Приморский край
Капитан Сулимов,МК-0255,9120293,,,Эксплуатация,Северный,5191309942,ООО «РОБИНЗОН»,d76c020ea-ab29-1542-f043-b7ddc2c56118,KAPITAN SULIMOV,Мурманская обл.
Капитан Таран,МК8974,9836206,,,Эксплуатация,Северный,5193410948,"ООО ""КОМПАНИЯ ЛКТ""",7e54a4615-5767-8e06-ec47-46f57406a82c,KAPITAN TARAN,Мурманская обл.
Капитан Теплюков,,9176979,,,Эксплуатация,Дальневосточный,4107002304,"Организация ОАО ""КОЛХОЗ ОКТЯБРЬ""",0b6e65f14-4784-18a0-d951-5cbf684a0b1e,KAPITAN TEPLYUKOV,Камчатский край
Капитан Фалеев,,8721131,БМРТ,,Эксплуатация,Дальневосточный,2508007948,"ПАО ""НБАМР""",43663694e-ede3-2e29-e8d1-b27d830d0e5b,KAPITAN FALEYEV,Приморский край
Капитан Фирсов,,9937153,РС,,Эксплуатация,Дальневосточный,2536312213,"ООО ""ПАСИФИК КРАБ""",b67f644fd-dfe8-3593-a6a6-760da1cbc05c,KAPITAN FIRSOV,Приморский край
Капитан Хазан,,9943956,РТ,,Эксплуатация,Дальневосточный,4101188821,"Организация ООО ""АЛЕСТАР""",d5c9468a1-1f29-7391-86fb-ded10e6468bb,KAPITAN KHAZAN,Камчатский край
Капитан Чернов,,9101015,СРТМ,,Эксплуатация,Дальневосточный,2540078397,"АО ""ДАЛЬРЫБПРОМ""",9d02285b0-0369-e400-a8f4-f42048829749,KAPITANCHERNOV,Приморский край
Капродон,АК-0757,9055204,,,Эксплуатация,Северный,2921001587,МОСКОВСКИЙ ФЛ РК ИМ. М. И. КАЛИНИНА,92ec51be6-617d-2521-0adf-8264fc44b2d1,LLV KAPRODON,Мурманская обл.
Каратаево,,8722070,СТР,,Эксплуатация,Дальневосточный,2536157293,"ООО ""СОЮЗ РЫБАКОВ""",6693d5181-1cb5-73fe-f929-eb531a7e4924,KARATAEVO,Приморский край
Карачарово,К-1676,8522303,,,Эксплуатация,Норвежский,3903017709,АО «МОРСКАЯ ЗВЕЗДА»,7c19d7c88-8f95-f736-46d6-af0dc6c2f1c3,KARACHAROVO,Калининградская обл.
Карелия II,М-0412,9306782,,,Эксплуатация,Северный,1011005348,ООО «КАРЕЛЬСКИЕ МОРЕПРОДУКТЫ»,acf2d55c2-269d-9a77-1cad-ac4e988b7ed9,KARELIYA,Мурманская обл.
Каролина 77,,8821462,,,Эксплуатация,Дальневосточный,6501059302,"ООО «МИККОР""",cc09b6749-988b-f871-1a2a-ad4ce605f935,CAROLINA 77,Сахалинская обл.
Касима Мару № 8,,,СРТМ,,Эксплуатация,Дальневосточный,6501221019,ООО «ПРИМОРСКАЯ РЫБОЛОВНАЯ КОМПАНИЯ»,5d5ec1a9c-ca44-8b08-efd4-e98f45ea33eb,MARU MARU,Сахалинская обл.
Каюм,,8717049,РС,,Эксплуатация,Дальневосточный,2536308584,"АО ""Т-КРАБ""",19803c2dc-c54e-6430-0820-c6f756485a95,KAYUM,Приморский край
Кемь,СП-5018,,,,Эксплуатация,Северный,1011008571,"ООО ""РК ""ВИРМА""",cac5f0214-4801-83d7-d4f8-5afe97a10133,V<N TJKH +:0  0Z  :I,Мурманская обл.
Кепромар,МК-0113,6920094,,,Эксплуатация,Северный,5191324764,ООО «АРГО-М»,800027217-7ef2-542b-e64b-ea011cb217a9,KEPROMAR,Мурманская обл.
Киев,М-0206,8859885,,,Эксплуатация,Северный,5191324796,ООО «МУРМАНФИШПРОДАКТС»,0f41100c9-9ade-adff-ce1f-ff822f0e2549,KIEV,Мурманская обл.
Кингук,,8800468,СТМ,,Эксплуатация,Дальневосточный,2543105698,"ООО «ТРИЕРА""",1602d700a-a03e-0440-19fb-905368328fca,KINGUK,Приморский край
Кировка,,8722032,СТР,,Эксплуатация,Дальневосточный,2503029553,"ОАО ""РК ""ПРИМОРЕЦ""",c329bc695-51ce-9433-5b55-04571caea723,KIROVKA,Приморский край
Кишиневка,СТР-420,8423533,СТР,,Эксплуатация,Дальневосточный,4101120252,"ООО ""РИКО""",ba54e90f7-73c3-66de-3952-f5056cee92d6,KISHINEVKA,Камчатский край
Кишиневка,,8423533,СТР,,Эксплуатация,Дальневосточный,4101158009,"ООО ""Город 415""",ba54e90f7-73c3-66de-3952-f5056cee92d6,KISHINEVKA,Камчатский край
Кокшайск,М-0100,8133413,,,Эксплуатация,Северный,5111002203,СПК РК «ЧАПОМА»,da62494ab-b8a4-4661-bcaa-b3b96ccacdf0,KOKSHAYSK,Мурманская обл.
Командор,,8718158,РС,,Эксплуатация,Дальневосточный,2539041064,"ООО  ""ИНТЕРРЫБФЛОТ""",9cda982a2-2056-3bf0-8333-8aead3deb839,KOMANDOR,Приморский край
Командор,,8718158,РС,,Эксплуатация,Дальневосточный,6501289105,"ООО РЫБОКОМБИНАТ ""ОСТРОВНОЙ""",9cda982a2-2056-3bf0-8333-8aead3deb839,KOMANDOR,Сахалинская обл.
Комарно,МК-0188,8721985,,,Эксплуатация,Северный,5191314798,"ООО ""СЕВРЫБКОМФЛОТ""",d67647625-5bfa-ddda-75b5-c5f774d460ad,KOMARNO,Мурманская обл.
Комета Галлея,,8722812,СРТМ-К,,Эксплуатация,,9202002416,"ООО ""ГОЛДЕН ФИШ""",2eba0145f-f2c9-8986-c87c-1b1a44802bc0,KOMETA GALLEYA,г. Севастополь
Комиссарово,,,СТР,,Эксплуатация,Дальневосточный,2540078397,"АО ""ДАЛЬРЫБПРОМ""",,,Приморский край
Кондор,,,СРТМ,,Эксплуатация,Дальневосточный,6501231095,"ООО ""КУК""",1d1564b5e-ea1b-6bce-248b-2a9be53c7ae8,KONDOR,Сахалинская обл.
Конструктор Байбаков,,7645172,СРТМ-К,,Эксплуатация,,9202002416,"ООО ""ГОЛДЕН ФИШ""",1dab53a4e-efd1-2ee5-a97e-4b85d25628f6,KONSTRUKTOR BAYBAKOV,г. Севастополь
Корунд,М-0254,8710285,,,Эксплуатация,Северный,5190103233,"ООО «ЭРИДАН""",d8ed88e6f-f471-82cd-e521-db9d0734823c,POLARPESCA,Мурманская обл.
Кречет,,9183685,РС,,Эксплуатация,Дальневосточный,6518009557,"ООО ""ОСТРОВНОЙ-КРАБ""",c4d613777-714f-73f6-575b-b84580d77520,KRECHET,Сахалинская обл.
Кречет,,9183685,РС,,Эксплуатация,Дальневосточный,2539041064,"ООО  ""ИНТЕРРЫБФЛОТ""",c4d613777-714f-73f6-575b-b84580d77520,KRECHET,Приморский край
Крым,МК-0540,7727425,,,Эксплуатация,Северный,5190909506,"АО ""НОРД-ВЕСТ Ф.К.""",394785234-44e2-99cd-0272-fb478a81192b,KRYM,Мурманская обл.
Крымский,,8423583,РС,,Эксплуатация,Дальневосточный,2536304773,"ООО ""ПРИМКРАБ""",3eb8d6128-8385-e310-6dbd-5289ff69e1a7,KRYMSKIY,Приморский край
Куйбышевский,,,,,Эксплуатация,Дальневосточный,6511003637,"ООО ""КОНТИНЕНТ""",,,Сахалинская обл.
Курильский Десант,,,,,Эксплуатация,Дальневосточный,6515000242,"АО ""СК БСФ""",,,Сахалинская обл.
Куршская коса,К-1749,8607206,РТМКС,,Эксплуатация,Норвежский,3903017709,АО «МОРСКАЯ ЗВЕЗДА»,f092f3ec5-53fb-dcfa-f233-8aa083188769,KURSHSKAYA KOSA,Калининградская обл.
ЛАГАРТ,,9597575,,,Эксплуатация,Дальневосточный,4101153635,"АО ""ЯМСЫ""",754b7bb4e-e41c-e44e-6fd7-87c5210d0410,LAGART,Камчатский край
Лазурит,,8832590,РС,,Эксплуатация,Дальневосточный,2536319762,"ООО ""ДАЛЬНЕВОСТОЧНЫЙ КРАБ""",fbd0057b6-6ed1-0e09-a163-daeba5098b4a,LAZURIT,Приморский край
Лазурный,М-0342,,,,Эксплуатация,Северный,2901083479,"ООО ""АЙСБЕРГ-НОРД""",c8b0ec920-09c5-2ce3-1ace-dc21a1fdcc3b,LAZURNYY,Мурманская обл.
Лазурный,К-1987,,БАТМ,,Эксплуатация,Норвежский,3903000159,"ЗАО ""ВЕСТРЫБФЛОТ""",c8b0ec920-09c5-2ce3-1ace-dc21a1fdcc3b,LAZURNYY,Калининградская обл.
Лангери,,9550618,СТР,,Эксплуатация,Дальневосточный,6501255032,"ООО ""АКВАМАРИН""",e39146acf-fcef-4007-7921-cdbb2170718a,TAI HAI 5,Сахалинская обл.
Лангуста,,,БМРТ,,Эксплуатация,Дальневосточный,6511000178,ЗАО «КУРИЛЬСКИЙ РЫБАК»,,,Сахалинская обл.
Лари,,,СРТМ,,Эксплуатация,Дальневосточный,2723050060,"ООО ""СИГМА МАРИН ТЕХНОЛОДЖИ""",4d2dcd68f-f271-e3b4-b219-9d5601723012,LARI,Хабаровский край
Лев,МК20102,,,,Эксплуатация,Северный,5190103233,"ООО «ЭРИДАН""",9603f96a2-2b05-e8c2-2f8b-4bfcf181fe40,LEV,Мурманская обл.
Леопард,,,РШ,,Эксплуатация,Дальневосточный,2518000814,"ПАО ""ПБТФ""",bd3a5710e-e30f-ead8-1b12-92cfdd9e4ccb,LEOPARD2,Приморский край
Леопард,,,РШ,,Эксплуатация,Дальневосточный,6500010784,"ООО ""ОПЛОТ ПЛЮС""",bd3a5710e-e30f-ead8-1b12-92cfdd9e4ccb,LEOPARD2,Сахалинская обл.
Линдгольм,,8617859,,,Эксплуатация,Дальневосточный,4102006640,"Организация ООО ""РПЗ ""СОКРА""",2e5ee6f01-1301-ce56-25dc-c50d678f3935,LINDGOLM,Камчатский край
Лира,К-2147,,РТМКС,,Эксплуатация,Норвежский,3903017709,АО «МОРСКАЯ ЗВЕЗДА»,ab7404115-5626-a4a8-424f-b71fe55cf9ca,LIRA,Калининградская обл.
Лотос-04,,8608846,РШ,,Эксплуатация,Дальневосточный,6514008760,"ООО ""РЫБНЫЙ ОСТРОВ""",bc56a6fb1-1795-f15a-a568-ac5c6c5f0cae,LOTOS-04,Сахалинская обл.
Лунга,,7436375,СРТМ-К,,Эксплуатация,,9204551066,"ООО ""ДКЛ-ПРОДУКТ""",2cf06f73c-ce2c-6fe2-232f-06dfb03547e6,LUNGA,г. Севастополь
Лунтос,,9894935,РС,,Эксплуатация,Дальневосточный,4100006765,"ООО РК «ЛУНТОС""",01bfc495e-e2f9-c846-fd17-5a9c20f96554,LUNTOS,Камчатский край
Лучегорск,,9796846,РШ,,Эксплуатация,Дальневосточный,2518000814,"ПАО ""ПБТФ""",c77c12d43-3755-b6f6-fddd-4499b3eccff5,LUCHEGORSK,Приморский край
Лучегорск,,9796846,РШ,,Эксплуатация,Дальневосточный,2503032468,"ООО ""РК ""НОВЫЙ МИР""",c77c12d43-3755-b6f6-fddd-4499b3eccff5,LUCHEGORSK,Приморский край
МЕЛЬКАРТ-7,МК7170,8615318,,,Эксплуатация,Северный,5193410761,"АО ""Мурман СиФуд""",17d5630c6-6445-4864-d793-0621d518b8a2,MELKART-7,Мурманская обл.
МЕХАНИК КОВТУН,ПК-2452,8907125,,,Эксплуатация,Дальневосточный,4101151638,"АО ""АКРОС 3""",5569dc167-7eb7-7dc9-e0c0-f08d41ea3ffb,MEKHANIK KOVTUN,Камчатский край
МУРМАН 2,МК5093,9564190,,,Эксплуатация,Северный,5190081090,"ООО ""Антей Север""",7bf217d65-5957-99cc-7750-dd476de5d542,MURMAN 2,Мурманская обл.
МФТ,,,МФТ,,Эксплуатация,Дальневосточный,4909053889,"ООО «ТИХРЫБКОМ""",533a18bbd-d11c-ae12-f27e-19a546eb8b77,M D T,Магаданская обл.
Майборг,,7234868,СРТМ,,Эксплуатация,Дальневосточный,4105045951,"Организация АО ""РК ""МАЛКИНСКОЕ""",e8529baa6-6e65-6813-a6c8-e9f6cab0afed,MAYBORG,Камчатский край
Марк Любовский,,,,,Эксплуатация,Северный,2901128602,"АО ""АТФ""",df700cb66-645c-9933-ceda-409ec6a48ebc,WEEKEND WARRIOR,Мурманская обл.
Марс,,,СРТМ,,Эксплуатация,Дальневосточный,6501237700,"ООО ""РОСРЫБФЛОТ""",62c7f62b7-711d-8118-35f7-572d16e59681,MARS,Камчатский край
Марта Арендзее,МК-0369,8522250,,,Эксплуатация,Северный,5105003590,ООО «ГЕЛА»,b0d542ebd-d3b2-2498-4126-39c8c452989e,MARTA ARENDZEE,Мурманская обл.
Мастер,,,СТР,,Эксплуатация,Дальневосточный,2700022050,"ООО ""ХОЛОДНОЕ МОРЕ""",769de196a-a767-7570-452b-09967d1c80a5,MASTER,Хабаровский край
Мастер,,,СРТМ,,Эксплуатация,Дальневосточный,2508130290,"ООО ""ОКЕАНСНАБ""",769de196a-a767-7570-452b-09967d1c80a5,MASTER,Приморский край
Мастер,,,СТР,,Эксплуатация,Дальневосточный,2700001973,"ООО ""ТИХООКЕАНСКИЙ ФЛОТ""",769de196a-a767-7570-452b-09967d1c80a5,MASTER,Хабаровский край
Матвей Кузьмин,,8721117,,,Эксплуатация,Дальневосточный,4100000530,"АО ""ОКЕАНРЫБФЛОТ""",bfbf5339f-ffba-9c66-947a-d62790ce37f4,MATVEY KUZMIN,Камчатский край
Матрица,,8810451,СРТМ,,Эксплуатация,Дальневосточный,2704007990,"ООО ""АНТЕЙ""",78b2e1bb5-5279-2e0a-e8f6-d349483ea86b,MATRITSA,Приморский край
Мелькарт,M-0239,7426863,,,Эксплуатация,Северный,5193410761,"АО ""Мурман СиФуд""",454996a2d-d1d0-ddb1-b341-9a29b589d1d6,MELKART,Мурманская обл.
Мелькарт-2,М-0418,8701959,,,Эксплуатация,Северный,5193410761,"АО ""Мурман СиФуд""",0967b5b67-7436-ee9d-5a2a-4faa1f2f6b17,MELKART 2,Мурманская обл.
Мелькарт-3,М-0350,8801931,,,Эксплуатация,Северный,5193410761,"АО ""Мурман СиФуд""",ac403f03d-d710-235e-7388-47b5c1b2308e,MELKART 3,Мурманская обл.
Мелькарт-4,МК-0354,8714530,,,Эксплуатация,Северный,5193410761,"АО ""Мурман СиФуд""",f660c9651-18f6-149d-dcfc-f6f2e07a7a4f,MELKART-4,Мурманская обл.
Мелькарт-5,МК-0588,9130183,,,Эксплуатация,Северный,5193410761,"АО ""Мурман СиФуд""",322ceb791-157d-3d5b-a567-137e6711113d,MELKART-5,Мурманская обл.
Мелькарт-6,МК9760,8704834,,,Эксплуатация,Северный,5193410761,"АО ""Мурман СиФуд""",3a9dbf24e-e935-3102-2612-eb9f1943408b,MELKART-6,Мурманская обл.
Мерланг,,8717192,РС,,Эксплуатация,Дальневосточный,4101138370,ООО «ПОЛАР СИ»,e44f102bc-cf66-920b-dac1-a0d5bbedd6e5,MERLANG,Камчатский край
Мерланг,,8717192,РС,,Эксплуатация,Дальневосточный,6501289105,"ООО РЫБОКОМБИНАТ ""ОСТРОВНОЙ""",e44f102bc-cf66-920b-dac1-a0d5bbedd6e5,MERLANG,Сахалинская обл.
Механик Маслак,,9878333,БМРТ,,Эксплуатация,Дальневосточный,2536306530,"ООО ""НОВОСТРОЙ""",8ba6795aa-a2e2-7ef0-a3b5-8c5cb6e34888,MEKHANIK MASLAK,Приморский край
Механик Романча,,8860121,СТР,,Эксплуатация,Дальневосточный,2715000919,Рыбколхоз им. Ленина,7793988e1-1161-e04c-64a0-97695c4fb000,MEKHANIK ROMANCHA,Хабаровский край
Механик Сергей Агапов,МК-0538,9591296,,,Эксплуатация,Северный,5191309942,ООО «РОБИНЗОН»,11705c7a4-4f82-3526-1ee7-c50392f35447,MEKHANIK S. AGAPOV,Мурманская обл.
Механик Сизов,,9896153,БМРТ,,Эксплуатация,Дальневосточный,2536306555,"ООО ""РРПК ВОСТОК""",2b08610ad-d539-e1b3-387f-416d637d82fc,MEKHANIK SIZOV,Приморский край
Министр Ишков,,8721105,СТР,,Эксплуатация,Дальневосточный,4100000530,"АО ""ОКЕАНРЫБФЛОТ""",7d66294cb-b2f7-6b8b-554d-6ef6c7a365e9,MINISTR ISHKOV,Камчатский край
Мирах,МК-0381,,,,Эксплуатация,Северный,5193104130,АО «МУРМАНСЕЛЬДЬ 2»,65a12a602-2a56-8953-a9f0-7ab60852803e,MIRAH,Мурманская обл.
Морион,,,РС,,Эксплуатация,Дальневосточный,6518004020,"ООО ""МОРИОН""",bb0c2bb15-5a55-15e8-3911-087fe4b83b65,MY ORION,Сахалинская обл.
Морской Бриз,М-0344,8722111,,,Эксплуатация,Северный,5110310861,"ОАО ""СЕВЕРОМОРСКИЙ АЛЬЯНС""",86754224d-ddad-40f5-e675-a4166e7820a9,MORSKOY BRIZ,Мурманская обл.
Муравьев-Амурский,,9146352,,,Эксплуатация,Дальневосточный,8203002819,"ООО ""ТЫМЛАТСКИЙ РЫБОКОМБИНАТ""",9510a8311-1b08-37de-1888-82e64a063c74,MURAVYEV-AMURSKIY,Камчатский край
Мурман-1,МК-5695,9576181,,,Эксплуатация,Северный,5190081090,"ООО ""Антей Север""",4b5ea9680-001d-e910-a6e2-15e540aceb48,MURMAN 1,Мурманская обл.
Мурманск,М-0115,,,,Эксплуатация,Северный,2917000164,"СПК  ""РК   ""СЕВЕР""",a051ea7c0-0327-38cd-d438-561109e75d83,MURMANSK,Мурманская обл.
Мурманск,М-0115,,,,Эксплуатация,Северный,2921001636,"СПК ""РК ""БЕЛОМОР""",a051ea7c0-0327-38cd-d438-561109e75d83,MURMANSK,Мурманская обл.
Мыс Басаргина,,8423557,БМРТ,,Эксплуатация,Дальневосточный,7701384421,"ООО ""РМД ЮВА 1""",eda00a02c-cda6-e000-b655-2867811de4ad,MYS BASARGINA,Приморский край
Мыс Гвоздева,МК3732,9053268,,,Эксплуатация,Северный,1018005330,"АО ""АЛЬТЕРНАТИВА""",7fbf3e827-7698-cd09-d90a-9a7bb2ccadb7,MYS GVOZDEVA,Мурманская обл.
Мыс Датта,,9053309,СРТМ,,Эксплуатация,Дальневосточный,6507005529,"ООО «ПОРОНАЙ""",30e0a6caf-f4e1-58bc-570e-d97cb48918eb,MYS DATTA,Сахалинская обл.
Мыс Докучаева,,9053323,СРТМ,,Эксплуатация,Дальневосточный,6501078432,"ООО ""ПО САХАЛИНРЫБАКСОЮЗ»",c59c3d010-0b9b-a27b-c31c-a14472461d39,MYS DOKUCHAEVA,Сахалинская обл.
Мыс Коммунаров,,7821910,ТР,,Эксплуатация,Дальневосточный,6515003317,"ООО ""АЛАИД""",285fdedef-f28a-d9f2-4bb1-81189abe977b,MYS KOMMUNAROV,Сахалинская обл.
Мыс Крузенштерна,,9053361,,,Эксплуатация,Дальневосточный,6509006140,"АО ""Сахалин Лизинг Флот""",30f43f3cc-c384-7cfe-9832-a244dc189bb9,MYS KRUZENSHTERNA,Камчатский край
Мыс Курбатова,,9053397,СРТМ,,Эксплуатация,Дальневосточный,6509013155,"ООО ФИРМА ""ПОСЕЙДОН""",1aabc3089-9666-e2e2-e8ec-e164e2dcc290,MYS KURBATOVA,Сахалинская обл.
Мыс Левенорна,,9053270,СРТМ,,Эксплуатация,Дальневосточный,6501078432,"ООО ""ПО САХАЛИНРЫБАКСОЮЗ»",4cf8d8742-2fea-4455-c5f7-cc79509da268,MYS LEVENORNA,Сахалинская обл.
Мыс Ловцова,,9053311,,,Эксплуатация,Дальневосточный,6509006140,"АО ""Сахалин Лизинг Флот""",086dbea53-337b-14d3-f7cc-8a8d20af0f07,MYS LOVTSOVA,Камчатский край
Мыс Меньшикова,,9053385,СРТМ,,Эксплуатация,Дальневосточный,6501078432,"ООО ""ПО САХАЛИНРЫБАКСОЮЗ»",129fecd27-7d07-bda7-45c7-5e6187cde27d,MYS MENSHIKOVA,Сахалинская обл.
Мыс Муравьёва,,9053373,,,Эксплуатация,Дальневосточный,6509006140,"АО ""Сахалин Лизинг Флот""",bf434a1b5-5195-f66e-131a-2f3e0a99ea8b,MYS MURAVJEVA,Камчатский край
Мыс Олюторский,,8859938,,,Эксплуатация,Дальневосточный,4100000530,"АО ""ОКЕАНРЫБФЛОТ""",313386142-2137-24f7-b33d-9e2695250afa,MYS OLYUTORSKIY,Камчатский край
Мыс Рубикон,,8921614,СТМ,,Эксплуатация,Дальневосточный,2543165062,"ООО ""СОЮЗНЫЕ РЫБНЫЕ ПРОМЫСЛЫ""",0bb44484c-c1ab-ca5f-762b-9f7662d0fa28,MYS.RUBIKON,Приморский край
Мыс Слепиковского,МК-0682,9053347,,,Эксплуатация,Северный,5190405869,"АО «РЫБПРОМИНВЕСТ""",74cbbe159-9059-8ca9-7eb2-39cc89d76f58,MYS SLEPIKOVSKOGO,Мурманская обл.
Мыс Урумпет,,,,,Эксплуатация,Дальневосточный,6501312153,"ООО ""ПАЛТУСЫ ВОСТОКА""",5685e2568-84f6-6dea-d66e-3d5b7e7d5d46,MYS NADEZHDA,Сахалинская обл.
Мыс Чихачева,МК3882,9053282,,,Эксплуатация,Северный,5190303200,"ООО «КАРАТ-1""",21d523a9b-b957-af8e-45aa-310c6d95381d,MYS CHIKHACHEVA,Мурманская обл.
Мыс Чупрова,,9053335,СРТМ,,Эксплуатация,Дальневосточный,4101138370,ООО «ПОЛАР СИ»,90a827a34-4aa1-6c0f-3231-69afc8c30976,MYS CHUPROVA,Камчатский край
Мыс Чупрова,,,СРТМ,,Эксплуатация,Дальневосточный,6501289105,"ООО РЫБОКОМБИНАТ ""ОСТРОВНОЙ""",5685e2568-84f6-6dea-d66e-3d5b7e7d5d46,MYS NADEZHDA,Сахалинская обл.
Мыс Шельтинга,МК3906,9053359,,,Эксплуатация,Северный,2917001834,"ООО «СОГРА""",123558546-6d69-a727-1226-4c5bfa4c0e9f,MYS SHELTINGA,Мурманская обл.
НАГГЕТ,,,СРТМ,,Эксплуатация,Дальневосточный,2723050060,"ООО ""СИГМА МАРИН ТЕХНОЛОДЖИ""",540a7b24f-f71f-6065-11a4-53be7fd3f74d,NUGGET,Хабаровский край
НОРВЕЖСКОЕ МОРЕ,АК5440,,,,Эксплуатация,Северный,2901128602,"АО ""АТФ""",ec99113e8-8967-1ed5-6d88-d68ad2bca514,NORVEZHSKOE MORE,Мурманская обл.
НОРДКАП,МК-0271,9100853,,,Эксплуатация,Северный,5100000010,ПАО «МУРМАНСКИЙ ТРАЛОВЫЙ ФЛОТ» ИЛИ ПАО «МТФ»,6644b58ce-e7c9-3d4c-229d-582a705c8c13,"MK-0363 ""NORDKAP""",Мурманская обл.
Надежда,,,РШ,,Эксплуатация,Дальневосточный,2505008333,"ООО ""МОРСКОЙ БРИЗ""",1c791c2c6-6ec9-d4b4-125d-320e973662d9,NADEZHDA,Приморский край
Назимов,,8662634,РС,,Эксплуатация,Дальневосточный,2536334993,"ООО ""ВЛАДКРАБ""",391a774c1-1232-308c-ef48-2a963eb5ee55,NAZIMOV,Приморский край
Нептун,МК-0659,,,,Эксплуатация,Северный,5191204516,"ООО ""Арктиксервис""",ce6393006-6f4b-35b3-ba4a-b8e0cc1df7da,NEPTUN,Мурманская обл.
Несь,АК-0921,8890243,,,Эксплуатация,Северный,2921001587,МОСКОВСКИЙ ФЛ РК ИМ. М. И. КАЛИНИНА,fa948c54c-c97d-019d-9a7f-ae7f46f67853,NES,Мурманская обл.
Нефритовый,,9258038,РС,,Эксплуатация,Дальневосточный,2536319762,"ООО ""ДАЛЬНЕВОСТОЧНЫЙ КРАБ""",c6543dfcd-dd8a-40df-7409-98cfba4145ca,NEFRITOVYY,Приморский край
Нива-5,,,,,Эксплуатация,Дальневосточный,6518004975,"ООО ""КОРВЕЛ""",74d07f707-78ec-bb35-d4cc-e5a83220be5e,NIVA-5,Сахалинская обл.
Николай Теленков,,8607139,РТМС,,Эксплуатация,Дальневосточный,4909119177,"ООО ""МАГАДАНПРОМФЛОТ""",bf1f19968-865a-cc8b-8eae-a4e84bf8a9ca,NIKOLAY TELENKOV,Магаданская обл.
Николай Чепик,,8826670,БМРТ,,Эксплуатация,Дальневосточный,2508007948,"ПАО ""НБАМР""",462c71698-8e83-c7b0-a088-cc284297c16a,NIKOLAY CHEPIK,Приморский край
Никольский,М-0389,8924549,,,Эксплуатация,Северный,5190411189,"АО ""СЗРК-М""",0ebb0d187-7e6f-8b83-d939-614449b9fd8e,NIKOLSKIY,Мурманская обл.
Ником,,8226765,СТР,,Эксплуатация,Дальневосточный,2508028394,"ООО ""Инсоф Марин""",f5435ca58-8c49-c9e3-a157-f24183b6da79,N I K O M,Приморский край
Новая Земля,М-0341,9249922,,,Эксплуатация,Северный,5190158698,ООО «РКФ»,dd2e6c08d-db79-ec04-c5bc-d6faa369f817,NOVAYA ZEMLYA,Мурманская обл.
Новик,,9344605,РС,,Эксплуатация,Дальневосточный,2536334993,"ООО ""ВЛАДКРАБ""",f2ba05925-539a-4659-da9b-4474b91482bc,NOVIK,Приморский край
Новоульяновск,,7932757,РТ,,Эксплуатация,Дальневосточный,2540071722,"ЗАО ""ПАСИФИК МАРИН""",261a61df8-86f7-7d50-72bf-3c944b82bd06,NOVOULYANOVSK,Приморский край
Новоуральск,,7943184,БМРТ,,Эксплуатация,Дальневосточный,2721023255,"ООО ""ВОСТОКРЫБПРОМ""",938a3f051-15ea-794f-f2f0-f5dd876df3e2,NOVO 23,Хабаровский край
Норд Вест,МК-0553,,,,Эксплуатация,Северный,5190909506,"АО ""НОРД-ВЕСТ Ф.К.""",18429236e-ea68-873d-9272-35980eb61f74,S/Y NORDVEST,Мурманская обл.
Норд трал,МК-0641,9219771,,,Эксплуатация,Северный,5190306152,"РК ""БЕЛОМОРСКИЙ РЫБАК""",3f5d36e67-7b21-5056-7dea-c99acae89650,NORD TRAL,Мурманская обл.
Нордкап,МК-0271,9100853,,,Эксплуатация,Северный,1018005330,"АО ""АЛЬТЕРНАТИВА""",6644b58ce-e7c9-3d4c-229d-582a705c8c13,"MK-0363 ""NORDKAP""",Мурманская обл.
Обаятельный,,8724377,РС,,Эксплуатация,Дальневосточный,2536304773,"ООО ""ПРИМКРАБ""",9bbfa3ce9-9869-8320-b79d-f37cfda5ff1c,OBAYATELNYY,Приморский край
Обеляй,М-0073,8522286,,,Эксплуатация,Северный,5191315872,ООО «НОРД ПИЛИГРИМ»,1b93609f2-21e5-6db8-7633-3329bdd6143c,OBELIAI,Мурманская обл.
Ожерелье,К-2162,8422876,,,Эксплуатация,Норвежский,3910005694,"ООО ""ЗАПМОРФЛОТ""",2a870fa64-4f49-e4ab-e457-50b49fac7bf6,F/V OZHERELYE,Калининградская обл.
Оксино,МК-0312,8729432,,,Эксплуатация,Северный,2902063524,"ООО ""РК ПУТИНА""",021a7cab7-73d0-bc5c-7702-666a8b117678,OKSINO,Мурманская обл.
Олафссон,,7704708,СРТМ,,Эксплуатация,Дальневосточный,2704007990,"ООО ""АНТЕЙ""",e4317e6ed-d3df-cc4c-312c-88064680dec3,OLAFSSON,Приморский край
Ольховатка,,7421198,РС,,Эксплуатация,Дальневосточный,6518004823,"ООО ""СОЮЗОКЕАН""",4dc38a134-4219-7b0d-1e57-aee6f4e50979,OLKHOVATKA,Сахалинская обл.
Ома,М-0070,,,,Эксплуатация,Северный,5110330018,"СПК РК ""МУРМАН""",a29bdb219-98ff-f24c-3a97-c8bb38470257,OMA,Мурманская обл.
Опал,,,БМРТ,,Эксплуатация,Дальневосточный,2537068039,"ООО ""ДАЛЬТРАНСФЛОТ""",ebf7daa1e-ec39-2e00-5779-780a50c2b1af,BOU-12 HUNTER,Хабаровский край
Орвар,МК-0474,9050711,,,Эксплуатация,Северный,5190500022,АО НПП «ВЕГА»,95a89089b-ba3b-7183-7585-64d25d509f93,ORVAR,Мурманская обл.
Освейское,К-2165,8415574,СРТМ,,Эксплуатация,Норвежский,3905000203,"АО «АТЛАНТРЫБФЛОТ""",6b7d39acc-cb00-9690-e979-2e8be73d9ad0,OSVEYSKOYE,Калининградская обл.
Оссора,,8721856,СТР,,Эксплуатация,Дальневосточный,4909122123,"ООО ""Магаданрыба 2""",955b4ff4b-b269-f326-2b9c-93e57b1c044f,OSSORA,Магаданская обл.
Остров Итуруп,,8847246,БМРТ,,Эксплуатация,Дальневосточный,6507005529,"ООО «ПОРОНАЙ""",89b3dff36-66a3-6e46-bfe9-e4c61701dddc,OSTROV ITURUP,Сахалинская обл.
Остров Кунашир,,,БМРТ,,Эксплуатация,Дальневосточный,2518000814,"ПАО ""ПБТФ""",4c16f0254-4bdc-190c-d3bc-da00fc412e7a,R82-88ME,Приморский край
Остров Монерон,,8907266,СРТМ,,Эксплуатация,Дальневосточный,6515000242,"АО ""СК БСФ""",4626735a8-868c-e421-7729-24958ec3b3ea,ANGEL 121,Сахалинская обл.
Остров Сахалин,,,БМРТ,,Эксплуатация,Дальневосточный,6501074974,ЗАО «ОСТРОВ САХАЛИН»,4c16f0254-4bdc-190c-d3bc-da00fc412e7a,R82-88ME,Сахалинская обл.
Остров Шикотан,,9121132,,,Эксплуатация,Дальневосточный,2536278643,"ООО ""ВОСТОЧНАЯ РЫБА""",49c02ceea-a641-12a0-27b8-fbdc1a821830,OSTROV SHIKOTAN,Приморский край
Островной-10,,8713184,РС,,Эксплуатация,Дальневосточный,6501289105,"ООО РЫБОКОМБИНАТ ""ОСТРОВНОЙ""",9a0bfba5e-e162-a542-f0be-00abd8f10626,OSTROVNOY-10,Сахалинская обл.
Островной-2,,2941832,РС,,Эксплуатация,Дальневосточный,6501289105,"ООО РЫБОКОМБИНАТ ""ОСТРОВНОЙ""",abe982b80-03e0-dd02-a41c-8210dc95b333,OSTROVNOY-2,Сахалинская обл.
Островной-5,,9065364,РС,,Эксплуатация,Дальневосточный,6501289105,"ООО РЫБОКОМБИНАТ ""ОСТРОВНОЙ""",8ff946719-959f-baf8-710e-7e146343b40b,OSTROVNOY-5,Сахалинская обл.
Островной-6,,9213923,,,Эксплуатация,Дальневосточный,6501289105,"ООО РЫБОКОМБИНАТ ""ОСТРОВНОЙ""",97c76607f-fa73-398c-8a79-8d72e0c53388,OSTROVNOY-6,Сахалинская обл.
Островной-9,,9057977,РС,,Эксплуатация,Дальневосточный,6501289105,"ООО РЫБОКОМБИНАТ ""ОСТРОВНОЙ""",b149556e2-2cbd-8fbe-ca6b-3b91bb8fb8ee,OSTROVNOY-9,Сахалинская обл.
Охотск,,9925758,СРТМ,,Эксплуатация,Дальневосточный,2722090350,"АО ""Дальневосточное морепромышленное объединение""",227137276-6192-846f-39d6-c8fb6e29479c,OKHOTSK,Хабаровский край
ПР 376,ПР 376,,,,Эксплуатация,,9110002455,"ООО ""АЛЬЯНС-НТИ""",a1b2c656b-b5d9-3016-a2ee-763001361437,PC-376,Республика Крым
ПСК РА Стрежень,,,,,Эксплуатация,,3002005049,"ПСК ""РА ""Стрежень""",f0679efe2-281e-95c5-ce8f-ce1b3ac291e4,RA,Астраханская обл.
Павел Кутахов,,8607282,РТ,,Эксплуатация,Дальневосточный,6511000178,ЗАО «КУРИЛЬСКИЙ РЫБАК»,274620016-6683-08c9-4cf4-11b0b328a62a,PAVEL KUTAKHOV,Сахалинская обл.
Павел Панин,,7703998,БМРТ,,Эксплуатация,Дальневосточный,2721023255,"ООО ""ВОСТОКРЫБПРОМ""",d9048d4ec-c1fd-fc76-fde6-fe4740ad5863,PAVEL PANIN,Приморский край
Пасифик Орион,,,,,Эксплуатация,Дальневосточный,2536010639,"АО ""Р/К ""ВОСТОК-1""",a57117498-8436-5a83-2945-37ec39416c10,ORION,Приморский край
Пасифик Хантер,,,СРТМ,,Эксплуатация,Дальневосточный,2704007990,"ООО ""АНТЕЙ""",,,Приморский край
Персей,,9043794,РС,,Эксплуатация,Дальневосточный,4100006765,"ООО РК «ЛУНТОС""",b3460143a-adc7-d955-7252-e1e5bc4559bc,PERSEY,Камчатский край
Петр 1,,8907113,ТР,,Эксплуатация,Дальневосточный,8701003484,"АО «ТРАЛФЛОТ""",bfac882bc-c0bd-0ef0-d808-482382ef6654,PETR 1,Хабаровский край
Петр Богданов,,,ТР,,Эксплуатация,Дальневосточный,4101120252,"ООО ""РИКО""",,,Камчатский край
Петр Ильин,,8901535,ТР,,Эксплуатация,Дальневосточный,4101013772,"АО ""Акрос""",84cd67357-7f47-cb67-a67e-20a4dd3763e2,PETR ILJIN,Камчатский край
Петропавловск,,8817734,БМРТ,,Эксплуатация,Дальневосточный,2543140340,"ООО ""ОУШЕН ФИШ""",7970ebf9f-f8a1-17db-2a97-d2741b61fa8e,PETROPAVLOVSK,Приморский край
Печора,МК-0642,,,,Эксплуатация,Северный,8300080121,«СПК РК «АНДЕГ»,3205af4ab-b8f9-6816-13f0-eaab45feca87,PECHORA,Мурманская обл.
Пик Надежды,,8986834,МРТР,,Эксплуатация,Дальневосточный,2508111410,"ООО НРК ""МАРЕН""",58a602d9f-ff79-6505-d874-7fd6a41c6fe7,PIK NADEZHDY,Приморский край
Пик Надежды,,,МРТР,,Эксплуатация,Дальневосточный,2508111410,"ООО НРК ""МАРЕН""",,,Магаданская обл.
Пиленга,,9101003,БМРТ,,Эксплуатация,Дальневосточный,6501012632,"ЗАО «ПИЛЕНГА""",1752cdc07-7712-2a23-3c27-c1b735d212e0,PILENGA,Сахалинская обл.
Пиленга-2,,9120310,БМРТ,,Эксплуатация,Дальневосточный,6501012632,"ЗАО «ПИЛЕНГА""",a7789c12e-ef58-e5fb-40ef-91ea3a4f6036,PILENGA 2,Сахалинская обл.
Пионер Николаева,,7942180,БМРТ,,Эксплуатация,Дальневосточный,2536053382,АО ТУРНИФ,cb4c5bb15-5f68-ac38-4116-9ec72739de6f,PIONER NIKOLAEVA,Приморский край
Планета,,,РС,,Эксплуатация,Дальневосточный,4101016808,РК ИМ. В.И. ЛЕНИНА,c3b5cf01b-b09e-8938-8895-99f81844d873,PLANETA,Камчатский край
Подъяпольск,,,СТР,,Эксплуатация,Дальневосточный,2503029553,"ОАО ""РК ""ПРИМОРЕЦ""",408d114d6-678a-14f6-08d9-8df328149d54,PODYAPOLSK,Приморский край
Полар Стар,,,СРТМ,,Эксплуатация,Северный,2505008333,"ООО ""МОРСКОЙ БРИЗ""",442d2f796-6bfe-d7da-edb4-fcaff7ae47ed,STAR,Мурманская обл.
Поллукс,,8834562,,,Эксплуатация,Дальневосточный,4100000530,"АО ""ОКЕАНРЫБФЛОТ""",810ec8c29-9310-0635-2da8-8ad5e98afe46,POLLUKS,Камчатский край
Поронай,,8811807,РС,,Эксплуатация,Дальневосточный,2536312206,"ООО ""КАМЧАТКА КРАБ""",169f5c609-97e2-4e36-02d5-4e3a039ff107,PORONAY,Приморский край
Порфирий Чанчибадзе,,8228684,БМРТ,,Эксплуатация,Дальневосточный,2543165062,"ООО ""СОЮЗНЫЕ РЫБНЫЕ ПРОМЫСЛЫ""",6ae0c5111-1c6e-44b0-567c-dc2848dc75f3,PORFIRY CHANCHIBADZE,Приморский край
Приморье,,8860559,,,Эксплуатация,Дальневосточный,2503029553,"ОАО ""РК ""ПРИМОРЕЦ""",63d5df9a8-801c-7daa-4c9c-71a9b24d57c1,PRIMORYE,Приморский край
Проект,М-0228,8520769,,,Эксплуатация,Северный,5105003590,ООО «ГЕЛА»,eaed1b0f0-0009-12b6-2a06-44940fb528b1,PROEKT,Мурманская обл.
Проект-1,МК-0542,9200160,,,Эксплуатация,Северный,5105003590,ООО «ГЕЛА»,b6e06abcb-b874-2162-bc85-f9920b0c51b3,PROEKT-1,Мурманская обл.
Прометей,,8401080,СРТМ,,Эксплуатация,Дальневосточный,6501237700,"ООО ""РОСРЫБФЛОТ""",32e88de7c-c2e8-7fcb-a1b3-fec4e3806ecf,PROMETEY,Камчатский край
Путь рыбака,,,,,Эксплуатация,,3002005120,"АО ""Астрахань-Рыба""",6cc83de16-6a6f-f32e-e3ff-896a9bd72e63,,Республика Дагестан
РТМК-С К-2184,К-2184,,,,Эксплуатация,Норвежский,3908021441,"АО ""РПК ""РЫБФЛОТ-ФОР""",dee11b37b-b7bd-5946-171d-720f279da35e,GEORGE>2<TN12MM>6790,Калининградская обл.
РТМКС КД-2201,КД-2201,,РТМКС,,Эксплуатация,Норвежский,3908021441,"АО ""РПК ""РЫБФЛОТ-ФОР""",66c951178-8a0c-af27-af57-07f879de82da,CHINACOASTGUARD2201,Калининградская обл.
Рассвет,,8667048,РШ,,Эксплуатация,Дальневосточный,6518006725,"ООО  ""ДЕЛИСА ПЛЮС""",7df6de6b8-88ea-f21a-fc38-8ce6d2b4039b,RASSVET,Сахалинская обл.
Рашков,ВК-0755,8722123,,,Эксплуатация,Северный,5190081090,"ООО ""Антей Север""",e374f0432-2319-7db6-e0c3-8330a3b91e7c,RASHKOV,Мурманская обл.
Рашков,ВК-0755,8722123,,,Эксплуатация,Северный,7714566549,"ООО ""ЗИГРАНД""",e374f0432-2319-7db6-e0c3-8330a3b91e7c,RASHKOV,Мурманская обл.
Реал,,,СРТМ,,Эксплуатация,Дальневосточный,4101142626,"ООО ""СЕВЕР""",8ed92ad43-387a-c69c-d299-ba49ceaf2374,REAL,Хабаровский край
Регул,,9187265,СТР,,Эксплуатация,Дальневосточный,6518009557,"ООО ""ОСТРОВНОЙ-КРАБ""",e41219ccd-d39f-8ce3-137d-c9b80d9187e2,REGUL,Сахалинская обл.
Регул,,9187265,СТР,,Эксплуатация,Дальневосточный,4101138370,ООО «ПОЛАР СИ»,e41219ccd-d39f-8ce3-137d-c9b80d9187e2,REGUL,Камчатский край
Ретинское,М-0139,9101039,,,Эксплуатация,Северный,5190411189,"АО ""СЗРК-М""",039ddbf1b-bf95-a2cb-683a-78460bb61d28,RETINSKOE,Мурманская обл.
Русь,,,СТР,,Эксплуатация,Дальневосточный,2704007990,"ООО ""АНТЕЙ""",0decd26a9-9e40-7fa8-42dc-5ede50bdbec4,EVA,Приморский край
Рыбак,МК-0356,,,,Эксплуатация,Северный,5100000010,ПАО «МУРМАНСКИЙ ТРАЛОВЫЙ ФЛОТ» ИЛИ ПАО «МТФ»,4fc1d2f91-1dfd-4fd6-2a54-1c6573d529a8,RYBAK,Мурманская обл.
Рыболов-1,,8723880,СРТМ,,Эксплуатация,,7709956007,"ООО ""РЫБОЛОВНАЯ КОМПАНИЯ ""БУХТА УДАЧИ""",c5e13ccae-eccd-abc6-4ded-e2057195ee98,RYBOLOV-1,г. Севастополь
Рысь,,9005314,РШ,,Эксплуатация,Дальневосточный,2518000814,"ПАО ""ПБТФ""",4bdbb4552-2a88-1e48-7407-cd553084995e,RYS,Приморский край
Рысь,,9005314,РШ,,Эксплуатация,Дальневосточный,6500010784,"ООО ""ОПЛОТ ПЛЮС""",4bdbb4552-2a88-1e48-7407-cd553084995e,RYS,Сахалинская обл.
СЕВЕРНЫЙ ОРЕЛ,МК-0557,,,,Эксплуатация,Северный,5193404006,"ООО ""АРКТИКФЛОТ""",801ad650c-c919-743f-0ede-6acd4cbb1d17,SEVERNIY OREL,Мурманская обл.
СИА СТАР 1,,,,,Эксплуатация,,4101156749,"ООО ""ЭКО ФИШ""",1ba2184a2-2ea5-991e-2d0d-f8acb2420a02,,Республика Дагестан
СОЛИДАРНОСТЬ,,8907084,,,Эксплуатация,Дальневосточный,4909117170,"АО ""Магадантралфлот""",7e1225a2b-b282-e437-b211-5f320eb33caa,SOLIDARNOST,Камчатский край
ССК-1,,,,,Эксплуатация,Дальневосточный,6501192336,"ООО ""САХАЛИНСКАЯ САЙРОВАЯ КОМПАНИЯ""",8f6c51621-1a82-e2c6-7479-568ff9f496d6,SSK1,Сахалинская обл.
ССК-2,,8747977,,,Эксплуатация,Дальневосточный,6501192336,"ООО ""САХАЛИНСКАЯ САЙРОВАЯ КОМПАНИЯ""",1a153ba95-54db-f7a6-4408-133a73a00133,JUI YING,Сахалинская обл.
ССК-3,,8747989,РШ,,Эксплуатация,Дальневосточный,6501207487,"ООО ""САЙРА""",594aebcd6-6549-6c6e-9235-16e073414bab,SSK 3,Сахалинская обл.
ССК-3,,8747989,,,Эксплуатация,Дальневосточный,6501192336,"ООО ""САХАЛИНСКАЯ САЙРОВАЯ КОМПАНИЯ""",594aebcd6-6549-6c6e-9235-16e073414bab,SSK 3,Сахалинская обл.
ССК-5,,8747991,РШ,,Эксплуатация,Дальневосточный,6501207494,"ООО ""САРГАН""",e051833a0-0baf-f31b-2814-5cc94e4175ce,SHIAN MAAN NO.12,Сахалинская обл.
ССК-5,,8747991,,,Эксплуатация,Дальневосточный,6501192336,"ООО ""САХАЛИНСКАЯ САЙРОВАЯ КОМПАНИЯ""",e051833a0-0baf-f31b-2814-5cc94e4175ce,SHIAN MAAN NO.12,Сахалинская обл.
ССК-6,,8748000,,,Эксплуатация,Дальневосточный,6501192336,"ООО ""САХАЛИНСКАЯ САЙРОВАЯ КОМПАНИЯ""",4028a4375-5853-5eaa-60a2-49d9a3ec101c,JIIN-TA-HORNG-NO168,Сахалинская обл.
ССК-6,,8748000,РШ,,Эксплуатация,Дальневосточный,6501207487,"ООО ""САЙРА""",4028a4375-5853-5eaa-60a2-49d9a3ec101c,JIIN-TA-HORNG-NO168,Сахалинская обл.
ССК-8,,8748000,,,Эксплуатация,Дальневосточный,6501192336,"ООО ""САХАЛИНСКАЯ САЙРОВАЯ КОМПАНИЯ""",4028a4375-5853-5eaa-60a2-49d9a3ec101c,JIIN-TA-HORNG-NO168,Сахалинская обл.
СЯМ «Групер»,,,,,Эксплуатация,Дальневосточный,4101153635,"АО ""ЯМСЫ""",,,Камчатский край
СЯМ ЭБИСУ,,,,,Эксплуатация,Дальневосточный,2521015225,"ООО ""ВЕЛЕС-СНЕК""",,,Приморский край
Саами,МК-0547,9207522,,,Эксплуатация,Северный,5193410419,"ООО ""СААМИ""",1272e7b6f-f6c9-012b-3d08-8d021c11f257,SAAMI,Мурманская обл.
Сайда,СП-0164,,,,Эксплуатация,,1011008571,"ООО ""РК ""ВИРМА""",1f0a724d6-685a-041f-938d-8d81e63ed765,SAYKA,г. Санкт-Петербург
Салацгрива,М-0393,,,,Эксплуатация,Северный,5190411189,"АО ""СЗРК-М""",,,Мурманская обл.
Санкити Мару № 5,,8967761,РС,,Эксплуатация,Дальневосточный,6518004823,"ООО ""СОЮЗОКЕАН""",9f5bdbdb6-68e0-7178-7a78-7a3e53da30dd,SANKITI MARU 5,Сахалинская обл.
Санкт-Петербург,МК-0158,9671307,,,Эксплуатация,Северный,5190057114,"ООО ""МРК""",a9d37bddc-c1a5-9c3f-088d-7e5fd1fd354f,SANKT-PETERBURG,Мурманская обл.
Санта,М-0385,9378747,,,Эксплуатация,Северный,1011007070,"КОЛХОЗ ""БЕЛОМОР""",a44a63cf8-804c-9471-eb92-6b7b0d46319d,SANTA,Мурманская обл.
Сантана,,,СРТМ,,Эксплуатация,Дальневосточный,2503030527,"АО ""АЛЬБАКОР ПРИМ""",e751fd81e-ef33-2f59-df13-87bb87b4e642,SANTANA,Сахалинская обл.
Санфиш,,,БМРТ,,Эксплуатация,Дальневосточный,6501292475,"ООО ""МЕРКУРИЙ""",db1d452c1-1ca6-0cc7-f4b1-8db20cd8b89a,SUNFISH,Камчатский край
Сапфир II,,,,,Эксплуатация,Северный,2921001587,МОСКОВСКИЙ ФЛ РК ИМ. М. И. КАЛИНИНА,4ec8f7ca0-075e-55bb-f9f2-857f2f2ff705,SAPFIR,Мурманская обл.
Сарда,,,РС,,Эксплуатация,Дальневосточный,6501289105,"ООО РЫБОКОМБИНАТ ""ОСТРОВНОЙ""",2d1d1c992-28e2-db8b-fcb3-20394652e1df,SARDA,Сахалинская обл.
Сартанг,,8875815,РС,,Эксплуатация,Дальневосточный,2536312213,"ООО ""ПАСИФИК КРАБ""",04ca61832-26ee-fa5d-3e23-fd223febd62b,SARTANG,Приморский край
Светлый,,,СДС,,Эксплуатация,Дальневосточный,6515002391,"ООО ""ГРАНИС""",aea988a3b-ba9e-bbc3-a286-fca53fbdfa59,SVETLYY,Сахалинская обл.
Святитель Николай,,,ТР,,Эксплуатация,Дальневосточный,6518004358,"ООО ""САНДИ""",5ecca5d00-0a28-45de-65fe-9b551f618d19,SVYATITEL NIKOLAY,Сахалинская обл.
Святогор,,8834782,СТР,,Эксплуатация,Дальневосточный,6501289105,"ООО РЫБОКОМБИНАТ ""ОСТРОВНОЙ""",4e6daba9d-dd8f-9490-36af-fd554149e1d8,SVYATOGOR,Сахалинская обл.
Святой Спиридон,МК-0561,9233129,,,Эксплуатация,Северный,5190045775,"ООО ""АРКТИКХОЛДИНГ""",f21868ebc-ce3e-66b3-9a78-523b017d6e65,SVYATOY SPIRIDON,Мурманская обл.
Северная Земля,М-0340,9551923,,,Эксплуатация,Северный,5190158698,ООО «РКФ»,e7ddaead9-9dc3-30d9-43c2-194a20a6ddd6,SEVERNAYA ZEMLYA,Мурманская обл.
Северянин II,МК-0215,7311824,,,Эксплуатация,Северный,5190089081,АО «СЕВРЫБКОМФЛОТ»,fcc2a6f77-7f00-b6f8-23c0-b78bb81a465d,SEVERYANIN II,Мурманская обл.
Севрыба-1,МК-0240,8801187,,,Эксплуатация,Северный,1001082008,"ООО «ВИРМА""",bf448fea6-6b0d-2fc5-23f3-eff3420f3ae3,SEVRYBA-1,Мурманская обл.
Седанка,,8847105,СТР,,Эксплуатация,Дальневосточный,2503032468,"ООО ""РК ""НОВЫЙ МИР""",3c4a58099-9dc4-6f3d-417d-1b0e23abcd5c,SEDANKA,Приморский край
Сергей Бочкарев,,8907022,,,Эксплуатация,Дальневосточный,2508044467,"ООО «СОФКО""",9bdff5a2d-d13a-c1a1-e8ac-1d7c71e42327,SERGEY BOCHKAREV,Хабаровский край
Сергей Новоселов,,,БМРТ,,Эксплуатация,Дальневосточный,4101016808,РК ИМ. В.И. ЛЕНИНА,,,Камчатский край
Серово,,8033235,СТР,,Эксплуатация,Дальневосточный,2518000814,"ПАО ""ПБТФ""",59066796a-a052-9a50-4b0f-ca90ba88fbe6,SEROVO,Приморский край
Сероглазка,,9076454,БМРТ,,Эксплуатация,Дальневосточный,4101016808,РК ИМ. В.И. ЛЕНИНА,a1f48d885-5ceb-f092-dbe1-57187f865ca0,SEROGLAZKA,Камчатский край
Си Хантер,,,СРТМ,,Эксплуатация,Дальневосточный,4909053889,"ООО «ТИХРЫБКОМ""",55c122f11-107c-6f0b-a20b-3fb26dba6ea7,ZHESHENGYU05528,Магаданская обл.
Сивинд-1,,,БМРТ,,Эксплуатация,Дальневосточный,2508007948,"ПАО ""НБАМР""",9ca075bf8-8c72-f5b7-232b-1e0e510d2f5e,SIVIND,Приморский край
Сиглан,,8116312,БМРТ,,Эксплуатация,Дальневосточный,2500000073,"АО ""ДАЛЬРЫБА""",2cfcab44c-cb80-527c-4963-cfc27f36b1d0,VICTORY,Приморский край
Соверен,,8703593,СРТМ,,Эксплуатация,Дальневосточный,4101142626,"ООО ""СЕВЕР""",ba9b8a0a6-6177-238c-d093-e67e7f4f311a,SOVEREN,Хабаровский край
Советское,,8826852,СТР,,Эксплуатация,Дальневосточный,2543105698,"ООО «ТРИЕРА""",e7e53e8f0-0e72-2958-d5b6-6e66414277f7,SOVETSKOE,Приморский край
Советское,,8826852,СТР,,Эксплуатация,Дальневосточный,2543155515,"ООО ""АКВАПРОМ ИНВЕСТ""",e7e53e8f0-0e72-2958-d5b6-6e66414277f7,SOVETSKOE,Приморский край
Сокол,,8899914,РШ,,Эксплуатация,Дальневосточный,2508113992,"АО ""ПРИМРЫБФЛОТ""",192467765-583e-f527-8462-4ed48563db43,SOKOL,Приморский край
Солборг,,8705838,СРТМ,,Эксплуатация,Дальневосточный,4100021636,"ООО ""РОСКАМРЫБА""",f1de0789d-df04-7949-ea43-5720251593b4,SOLBORG,Камчатский край
Солид 1,,,СРТМ,,Эксплуатация,Дальневосточный,4101142626,"ООО ""СЕВЕР""",d33a9adf9-9322-f706-756d-4b4f8cbb7fa9,MV SOLID ONE        ,Хабаровский край
Спарта,ВК-0823,,,,Эксплуатация,Северный,7714566549,"ООО ""ЗИГРАНД""",67c221e78-81b7-b46d-9966-9fe7510b276f,SPARTA,Мурманская обл.
Спарта,ВК-0823,,,,Эксплуатация,Северный,5190081090,"ООО ""Антей Север""",67c221e78-81b7-b46d-9966-9fe7510b276f,SPARTA,Мурманская обл.
Спокойный,,8730106,ТР,,Эксплуатация,Дальневосточный,6504004372,"ООО ""НАСПОЛ""",b7847d084-4714-2c3f-c6d4-96fbb8e0eba9,SPOKOYNYY,Сахалинская обл.
Стакфелл,МК-0225,,,,Эксплуатация,Северный,5190059270,"ООО ""БАРЕНЦБИОРЕСУРС""",,,Мурманская обл.
Стар-1,,,РШ,,Эксплуатация,Дальневосточный,6511000178,ЗАО «КУРИЛЬСКИЙ РЫБАК»,91a5ab91e-e318-da2d-69c0-13e49dba70cd,SANTA11,Сахалинская обл.
Старый Арбат,К-1990,,БАТМ,,Эксплуатация,Норвежский,3903000159,"ЗАО ""ВЕСТРЫБФЛОТ""",,,Калининградская обл.
Стелла Карина,,,СКТР,,Эксплуатация,Дальневосточный,2537089631,"ООО ""ИСТОК-АБ""",e268135db-bf75-90d1-144d-150b0bcce6a1,STELLA KARUNA,Приморский край
Стелла Карина,,,СКТР,,Эксплуатация,Дальневосточный,4909056047,"ООО ""МАГАДАНРЫБА""",e268135db-bf75-90d1-144d-150b0bcce6a1,STELLA KARUNA,Магаданская обл.
Стоечный рыбоперерабатывающий плавзавод БСП-9250,БСП-9250,9055890,,,Эксплуатация,Дальневосточный,8201002813,"РЫБОЛОВЕЦКАЯ АРТЕЛЬ ""ОЛЮТОРСКАЯ""",95a267633-3485-4d3f-2f3a-5dde19ddf658,V MARIA INMACULADA,Камчатский край
Стрелец,М-0269,9158197,,,Эксплуатация,Северный,5191407604,"ООО «СТРЕЛЕЦ""",91d8204f5-5610-3baf-1409-4747f5c70296,STRELETS,Мурманская обл.
Сунтар,,8810504,СРТМ,,Эксплуатация,Северный,2704007990,"ООО ""АНТЕЙ""",05a94f7db-ba98-6550-1e13-90e6e2a635e0,SUNTAR,Мурманская обл.
Таврический,М-0126,8924513,,,Эксплуатация,Северный,5111000421,"СПК РК ""ВСХОДЫ КОММУНИЗМА""",d9480a3e0-0040-ab55-98b8-37f1eb06d44f,TAVRICHESKIY,Мурманская обл.
Тайе Мару-58,,,РШ,,Эксплуатация,Дальневосточный,6518005270,"ООО ПКФ ""ЮЖНО-КУРИЛЬСКИЙ РЫБОКОМБИНАТ""",5d5ec1a9c-ca44-8b08-efd4-e98f45ea33eb,MARU MARU,Сахалинская обл.
Талан,,9141194,РШ,,Эксплуатация,Дальневосточный,4909070355,ООО «МАГ-СИ ИНТЕРНЕШНЛ»,106cb9f49-94b9-cec3-f95a-b0f89aa3b83c,TALAN,Магаданская обл.
Таланг,,,,,Эксплуатация,Дальневосточный,6501289105,"ООО РЫБОКОМБИНАТ ""ОСТРОВНОЙ""",2d8e72f6b-beea-691f-082f-9c4b35e66122,TA LANG 9 HAO,Сахалинская обл.
Таманго,ВК-0735,6928553,,,Эксплуатация,Северный,5190081090,"ООО ""Антей Север""",cd06c7464-45c5-6896-be19-1ca6bf77cf99,TAMANGO,Мурманская обл.
Тари,,,СРТМ,,Эксплуатация,Дальневосточный,2723050060,"ООО ""СИГМА МАРИН ТЕХНОЛОДЖИ""",fb1f3358b-b283-210d-fc9b-560d548ac755,TARI,Хабаровский край
Тарпон,,8033510,,,Эксплуатация,Дальневосточный,4101153635,"АО ""ЯМСЫ""",6b2c69ff4-4059-a693-a82e-32801ce654c2,TARPON,Камчатский край
Таурус,,,РС,,Эксплуатация,Дальневосточный,2543164220,"ООО ""ДВКК""",283d045e1-1c31-ccca-8192-688d64df7d06,TAURUS,Приморский край
Таурус,МК-0411,,,,Эксплуатация,Северный,5191407587,АО «ТАУРУС»,283d045e1-1c31-ccca-8192-688d64df7d06,TAURUS,Мурманская обл.
Тезей,М-0268,9082295,,,Эксплуатация,Северный,5190500022,АО НПП «ВЕГА»,f30575714-4a6e-39b3-00aa-a716bacb06e6,L/L TEZEY,Мурманская обл.
Тенор,,,СРТМ,,Эксплуатация,Дальневосточный,4101087870,"АО ""УТРФ-КАМЧАТКА""",1357c3abe-e88c-35e4-3281-05c5c913f8dd,TENOR,Камчатский край
Териберка,МК-0562,8931748,,,Эксплуатация,Северный,5110330018,"СПК РК ""МУРМАН""",319b518b3-3a11-6a0f-c12d-b48a8421070f,TERIBERKA,Мурманская обл.
Технолог Саркисов,,9101053,СРТМ,,Эксплуатация,Дальневосточный,2540078397,"АО ""ДАЛЬРЫБПРОМ""",d3d54fc57-76dd-8037-a835-e72194c6e5b9,TEKHNOLOG SARKISOV,Приморский край
Тибурон,,,,,Эксплуатация,Дальневосточный,4101153635,"АО ""ЯМСЫ""",a100d9755-536f-b1ee-a6a0-42896a267bc5,TIBURON,Камчатский край
Титанит,,,РС,,Эксплуатация,Дальневосточный,6518009557,"ООО ""ОСТРОВНОЙ-КРАБ""",866c725aa-a1b7-885e-60b4-ce1b9648ca1c,TITANIA,Сахалинская обл.
Томкод,,9055307,,,Эксплуатация,Дальневосточный,4101153635,"АО ""ЯМСЫ""",fa102851e-eacd-77d4-9e82-7dcac3b14d34,TOMKOD,Камчатский край
Тор,М-0192,,,,Эксплуатация,Северный,5190500022,АО НПП «ВЕГА»,7ca31575f-f20b-e026-5c19-d4e617979d4e,TOR,Мурманская обл.
Торок,,,,,Эксплуатация,Дальневосточный,6501090750,"ООО ""КОНДОР-ТРАНСПОРТ""",5952f913e-ea13-9661-baa0-d7c43a230d53,TOROA,Сахалинская обл.
Триумф,,9047934,ЯМС,,Эксплуатация,Дальневосточный,2536010639,"АО ""Р/К ""ВОСТОК-1""",7300ff270-0bc5-d35d-1511-364690b1f9b1,TRIUMF,Приморский край
Тугур,,9042817,РС,,Эксплуатация,Дальневосточный,2536308584,"АО ""Т-КРАБ""",00fa8a312-2933-6851-fc30-6235a4cadfa9,TUGUR,Приморский край
Тугур,,9042817,СРТМ,,Эксплуатация,Дальневосточный,2500000073,"АО ""ДАЛЬРЫБА""",00fa8a312-2933-6851-fc30-6235a4cadfa9,TUGUR,Приморский край
Тунгир,,8651453,РС,,Эксплуатация,Дальневосточный,2536312213,"ООО ""ПАСИФИК КРАБ""",8d668176d-d191-ce06-ba1b-0aeb7926041f,TUNGIR,Приморский край
Угулан,,8804074,СРТМ,,Эксплуатация,Северный,2704007990,"ООО ""АНТЕЙ""",11d71e1b6-6112-d3c5-5b8c-089db8c87877,UGULAN,Мурманская обл.
Узон,,8747276,СТР,,Эксплуатация,Дальневосточный,2508110494,"ООО ""РК ""ТИХИЙ ОКЕАН""",a5b0dca6a-ae27-3f41-ff13-adc987d283aa,UZON,Приморский край
Ультимат 1,,,РС,,Эксплуатация,Дальневосточный,2536304773,"ООО ""ПРИМКРАБ""",a0b3b9940-0ad4-c863-b7fd-2417171d52c0,ULTIMATE,Приморский край
ФОРИНТ,,9267041,,,Эксплуатация,Дальневосточный,4101142626,"ООО ""СЕВЕР""",6850e6c44-4d2a-8ad4-b87a-bc2e2ccfdda2,FORINT,Хабаровский край
Феникс,,,СРТМ,,Эксплуатация,Дальневосточный,6501237700,"ООО ""РОСРЫБФЛОТ""",5bf1eb0be-e48f-d51b-b819-3fb146e854b6,FENIKS,Камчатский край
Флагман,,8936530,РС,,Эксплуатация,Дальневосточный,2536304773,"ООО ""ПРИМКРАБ""",5a9be03a8-8187-5032-1546-1cf304ee3dd5,FLAGMAN,Приморский край
Фрегат,,,СДС,,Эксплуатация,Дальневосточный,2536084366,"ООО ""ПРИМРЫБФЛОТ""",50568c88f-f3e1-9271-44c4-4daac37b51c4,FREGAT,Приморский край
Хабаровск,,9828546,СРТМ,,Эксплуатация,Дальневосточный,4101142626,"ООО ""СЕВЕР""",39197d66b-b320-c1b6-6631-47fe2041bc42,KHABAROVSK,Хабаровский край
Хайлюлинский,,,,,Эксплуатация,Дальневосточный,8203010714,"АО ""КОЛХОЗ ИМ. БЕКЕРЕВА""",,,Камчатский край
Харбиз,,9037630,РШ,,Эксплуатация,Дальневосточный,4909053889,"ООО «ТИХРЫБКОМ""",8032f7f96-6733-dba5-5f6b-39533f07b0b2,HARBIZ,Магаданская обл.
Хасан,,,СРТМ,,Эксплуатация,Дальневосточный,2704007990,"ООО ""АНТЕЙ""",e285f4119-96c7-f6bd-dd2a-dd224ba28afc,KM MANDALA B,Приморский край
Хивач,,9033141,РС,,Эксплуатация,Дальневосточный,2536308584,"АО ""Т-КРАБ""",87e1b45f6-6883-982e-d23e-35fb6777a413,HIVACH,Приморский край
Хокутацу Мару №1,,8627141,РШ,,Эксплуатация,Дальневосточный,6518004830,"ООО ""ФЛИНТ""",6e180c508-8086-e477-7e7c-ba59b32e7db8,KHOKUTATSU MARU 1,Сахалинская обл.
Холмогоры,АК-6015,9109081,,,Эксплуатация,Северный,2901128602,"АО ""АТФ""",64917eb26-6307-cf92-7643-44712fad03a9,KHOLMOGORY,Мурманская обл.
Хотин,,,,,Эксплуатация,Дальневосточный,4100000530,"АО ""ОКЕАНРЫБФЛОТ""",234b40440-01c4-d961-7dff-f17e5623d734,HO TIN,Камчатский край
Царица,,8707446,РТ,,Эксплуатация,Дальневосточный,2508007948,"ПАО ""НБАМР""",6a4dc8fa0-0227-74bb-207f-c79602112ff5,TSARITSA,Приморский край
Цефей,МК-8724,9207819,,,Эксплуатация,Северный,5190181619,"ООО ""РК ЗАРЯ""",63f940fb3-3f32-52e2-b7e5-5bde27cba0a1,TSEFEY,Мурманская обл.
Челюскинец,,,,,Эксплуатация,,3002004824,"Рыболовецкая артель ""Челюскинец""",0eab3cf56-6fc9-0217-c8a7-67f84cd2343e,CHELUSKINETS,Астраханская обл.
Чернигов,МК-0175,9077020,,,Эксплуатация,Северный,2904011867,"ООО ""КОТЛАСРЫБПРОМ""",b2971ae5e-e06f-e78a-d952-cc57886df2ad,CHERNIGOV,Мурманская обл.
Чернигов,МК-0175,9077020,,,Эксплуатация,Северный,5190910910,ООО «ЗВЕЗДА МОРЯКА»,b2971ae5e-e06f-e78a-d952-cc57886df2ad,CHERNIGOV,Мурманская обл.
Шанс 105,,8936346,,,Эксплуатация,Дальневосточный,2536010639,"АО ""Р/К ""ВОСТОК-1""",951d53fe7-7a04-3e4a-8fad-5e2a35886a3c,SHANS 105,Приморский край
Шанс 106,,8921107,,,Эксплуатация,Дальневосточный,2536010639,"АО ""Р/К ""ВОСТОК-1""",65ed5b6c3-3a15-a2f1-aca9-76f05e5d27a0,SHANS 106,Приморский край
Шантар,,,СРТМ,,Эксплуатация,Дальневосточный,4101142626,"ООО ""СЕВЕР""",4b850610a-ab9a-5f32-21ec-056d6edaf35c,SHANTAR,Хабаровский край
Шантар-1,,,СТР,,Эксплуатация,Дальневосточный,2722090350,"АО ""Дальневосточное морепромышленное объединение""",4b850610a-ab9a-5f32-21ec-056d6edaf35c,SHANTAR,Хабаровский край
Шое Мару-53,,,РШ,,Эксплуатация,Дальневосточный,6518005270,"ООО ПКФ ""ЮЖНО-КУРИЛЬСКИЙ РЫБОКОМБИНАТ""",5d5ec1a9c-ca44-8b08-efd4-e98f45ea33eb,MARU MARU,Сахалинская обл.
Шпицберген,МК-0599,9258741,,,Эксплуатация,Северный,5190303200,"ООО «КАРАТ-1""",a4ae4a13a-ae4e-394a-b337-39bdbb1aafcf,SHPITCBERGEN,Мурманская обл.
Шурша,,8727678,СРТМ,,Эксплуатация,Дальневосточный,2536010639,"АО ""Р/К ""ВОСТОК-1""",77334f86a-ac3c-6204-053b-cca023cbcd74,SHURSHA,Приморский край
ЭСТЕР,К-2193,,РТМКС,,Эксплуатация,Норвежский,3905000203,"АО «АТЛАНТРЫБФЛОТ""",6da8c11d7-7683-7ec7-9d6f-6dc2b3f36e2c,ESTER,Калининградская обл.
Эглайне,,8729652,БМРТ,,Эксплуатация,Дальневосточный,6501292475,"ООО ""МЕРКУРИЙ""",105dff00d-d3d6-e4ec-2b36-088f6595e6b6,EGLAINE,Камчатский край
Экарма-3,,8897411,СТР,,Эксплуатация,Дальневосточный,2503029553,"ОАО ""РК ""ПРИМОРЕЦ""",4014ae10c-cec2-f459-7dbb-d73215722e24,EKARMA-3,Приморский край
Экзотика,,,,,Эксплуатация,Дальневосточный,6518004830,"ООО ""ФЛИНТ""",,,Сахалинская обл.
Элладора,,8106824,СРТМ,,Эксплуатация,Дальневосточный,4909056047,"ООО ""МАГАДАНРЫБА""",1f1859a95-524b-f75a-bbfb-5cfb8751d493,PANDORA,Магаданская обл.
ЮМИР,,8357605,СРТМ,,Эксплуатация,Дальневосточный,6516008452,"ООО ""НЕВОД""",109adcdcc-c40f-f8fe-871c-032da4a6e741,LUMIR,Сахалинская обл.
Юго-Восток,,8001971,БМРТ,,Эксплуатация,Дальневосточный,2704014652,"ООО «ПОЛЛУКС""",48f1e8e3b-b3a8-841a-f538-2da2eaf2cf3b,YUGO VOSTOCK,Хабаровский край
Юпитер-2,,,,,Эксплуатация,Дальневосточный,2704007990,"ООО ""АНТЕЙ""",b6236a8a3-3fc1-576d-b865-a875b9182eb2,JUPITER 2,Приморский край
Юрий Орёл,,9130846,СРТМ,,Эксплуатация,Дальневосточный,2500000073,"АО ""ДАЛЬРЫБА""",62990acce-e9c4-a418-d78b-a3ed58c74fdc,YURIY OREL,Приморский край
ЯНТАРЬ-1,,7234193,БМРТ,,Эксплуатация,Дальневосточный,6501292556,"ООО ""ФЛАГМАН ДВ""",a790d66f9-9363-44bd-61ba-021748036dc8,YANTAR 1,Сахалинская обл.
Ягры,М-0328,8953497,,,Эксплуатация,Северный,2901069731,"ООО ""ЯГРЫ""",398ea910e-e2dd-a852-a402-c33f78aab739,YAGRY,Мурманская обл.
Яков Гунин,М-0204,9637973,,,Эксплуатация,Северный,5100000010,ПАО «МУРМАНСКИЙ ТРАЛОВЫЙ ФЛОТ» ИЛИ ПАО «МТФ»,f0334b883-3d51-b63b-83e6-42416cd3d89b,YAKOV GUNIN,Мурманская обл.
Яков Павлов,,8725852,СТР,,Эксплуатация,Дальневосточный,4101142626,"ООО ""СЕВЕР""",2089fcdc1-1266-9df5-777c-34b3df89f63c,YAKOV PAVLOV,Хабаровский край
Янтарный,МК-0339,8607232,,,Эксплуатация,Северный,1002006360,"ООО ""СОГЛАСИЕ""",7e5bfd4d7-7068-60e1-571d-1ba2a64024ab,YANTARNYY,Мурманская обл.
Янтарный,МК-0339,8607232,,,Эксплуатация,Северный,1001345828,"ООО ""АЗИМУТ""",7e5bfd4d7-7068-60e1-571d-1ba2a64024ab,YANTARNYY,Мурманская обл.
Янтарь,,8897277,ЯМС,,Эксплуатация,Дальневосточный,2540078397,"АО ""ДАЛЬРЫБПРОМ""",12affcead-d1fb-9b57-3711-ea7eca2d60f5,YANTAR,Приморский край
Ясный,,8422242,СРТМ,,Эксплуатация,Дальневосточный,6501266147,"ООО ""МОНЕРОН""",e8f5e7a50-03c1-dc03-e72e-3b132d074208,YASNYY,Сахалинская обл.
Ясный,,8422242,СРТМ,,Эксплуатация,Дальневосточный,6515002391,"ООО ""ГРАНИС""",e8f5e7a50-03c1-dc03-e72e-3b132d074208,YASNYY,Сахалинская обл.
Яхонт,,8504545,РШ,,Эксплуатация,Дальневосточный,2500000073,"АО ""ДАЛЬРЫБА""",8cbfe5324-462d-9a77-0571-a38bf5f13c50,YAHONT,Приморский край
