Группа_Компаний,Юр_Лицо,ИНН,Комментарий,Контакты_ListOrg,Директор_ListOrg,ListOrg_URL
группа Миргородского–Озерского (Вирма–СЗРК),"ОБЩЕСТВО С ОГРАНИЧЕННОЙ ОТВЕТСТВЕННОСТЬЮ ""ВИРМА""",1001082008,Мурманск,"Адрес: 163030, Архангельская обл, г Архангельск, Ленинградский пр-кт, д 324, офис 422",Смарагдин Кирилл Валерьевич,
Группа Согласие,"ОБЩЕСТВО С ОГРАНИЧЕННОЙ ОТВЕТСТВЕННОСТЬЮ ""ГРУППА ""БАРЕНЦ""",1001206119,,"Адрес: 186220, Респ Карелия, Кондопожский р-н, г Кондопога, Петрозаводское шоссе, зд 5",Макарова Валерия Валентиновна,
Группа Согласие,"ОБЩЕСТВО С ОГРАНИЧЕННОЙ ОТВЕТСТВЕННОСТЬЮ ""АЗИМУТ""",1001345828,,"Адрес: 185003, Респ Карелия, г Петрозаводск, р-н Зарека, пр-кт Александра Невского, д 35, офис 14",Чирков Сергей Анатольевич,
Группа Согласие,"ОБЩЕСТВО С ОГРАНИЧЕННОЙ ОТВЕТСТВЕННОСТЬЮ ""СОГЛАСИЕ""",1002006360,,"Адрес: 186603, Респ Карелия, Кемский р-н, село Гридино",Чевычало Игорь Викторович,
Группа Согласие,"ОБЩЕСТВО С ОГРАНИЧЕННОЙ ОТВЕТСТВЕННОСТЬЮ ""РЫБОТОРГОВАЯ СЕТЬ""",1002007733,Торговля,"Адрес: 186220, Респ Карелия, Кондопожский р-н, г Кондопога, Петрозаводское шоссе, зд 5",Гапанович Юлия Викторовна,
ГК Норебо,"АКЦИОНЕРНОЕ ОБЩЕСТВО ""КАРЕЛЬСКИЕ МОРЕПРОДУКТЫ""",1011005348,,"Адрес: 186500, Респ Карелия, Беломорский р-н, г Беломорск, ул Порт-поселок, д 10",Старков Денис Алексеевич,
Группа Согласие,"ОБЩЕСТВО С ОГРАНИЧЕННОЙ ОТВЕТСТВЕННОСТЬЮ ""РЫБОЛОВЕЦКАЯ КОМПАНИЯ ""ВИРМА""",1011008571,,"Адрес: 186500, Респ Карелия, Беломорский р-н, село Вирма, д 11",Чевычало Игорь Викторович,
ГК Норебо,"АКЦИОНЕРНОЕ ОБЩЕСТВО ""АЛЬТЕРНАТИВА""",1018005330,,"Адрес: 186670, Респ Карелия, Лоухский р-н, пгт Чупа, ул Железнодорожная, д 25, офис 3",Старков Денис Алексеевич,
Южморрыбфлот,"ОБЩЕСТВО С ОГРАНИЧЕННОЙ ОТВЕТСТВЕННОСТЬЮ ""ПРИМОРСКИЕ МОЛЛЮСКИ""",2502072933,,"Адрес: 692756, ПРИМОРСКИЙ КРАЙ, Г.О. АРТЕМОВСКИЙ, Г. АРТЕМ, УЛ. ПОТЕМКИНА, Д. 15, ОФИС 203",Ефремов Александр Владимирович,
Южморрыбфлот,"ОБЩЕСТВО С ОГРАНИЧЕННОЙ ОТВЕТСТВЕННОСТЬЮ ""ПРИМОРСКИЙ МИНТАЙ""",2502077466,"Требует проверки (ИИ): Компания связана с несколькими группами через узлы графа связей, но нет явного указания на принадлежность к одной из них.","Адрес: 692756, ПРИМОРСКИЙ КРАЙ, Г.О. АРТЕМОВСКИЙ, Г. АРТЕМ, УЛ. ПОТЕМКИНА, Д. 15, ОФИС 203",Ефремова Арина Леонидовна,
ГК Гидрострой,"ОБЩЕСТВО С ОГРАНИЧЕННОЙ ОТВЕТСТВЕННОСТЬЮ ""ЮНИЯ""",2503017090,,"Адрес: 692953, ПРИМОРСКИЙ КРАЙ, Г.О. НАХОДКИНСКИЙ, Г НАХОДКА, МКР. ПОСЕЛОК ЛИВАДИЯ, УЛ 1-Я КОЛХОЗНАЯ, Д. 5В, ОФИС 1",Истратий Сергей Васильевич,
Южморрыбфлот,"АКЦИОНЕРНОЕ ОБЩЕСТВО ""РЫБОЛОВЕЦКИЙ КОЛХОЗ ""НОВЫЙ МИР""",2503023449,Завод,"Адрес: 692804, Приморский край, г Большой Камень, ул Ганслеп, д 10","ОБЩЕСТВО С ОГРАНИЧЕННОЙ ОТВЕТСТВЕННОСТЬЮ ""ИНВЕСТСТАНДАРТ""",
ГК Доброфлот,"АКЦИОНЕРНОЕ ОБЩЕСТВО ""АЛЬБАКОР ПРИМ""",2503030527,"Требует проверки (ИИ): Компания имеет связи с несколькими группами, но нет четкого указания на принадлежность к одной из них.","Адрес: 690090, ПРИМОРСКИЙ КРАЙ, Г.О. ВЛАДИВОСТОКСКИЙ, Г. ВЛАДИВОСТОК, УЛ. АВРОРОВСКАЯ, ЗД. 10, КАБ. 210",Федотов Сергей Вячеславович,
Южморрыбфлот,"ОБЩЕСТВО С ОГРАНИЧЕННОЙ ОТВЕТСТВЕННОСТЬЮ ""РК ""ПРИМРЫБФЛОТ""",2503032475,,"Адрес: 692954, Приморский край, г Находка, мкр поселок Ливадия, ул Заводская, д 16, офис 215",Грушко Юрий Анатольевич,
ГК УТРФ,"ОБЩЕСТВО С ОГРАНИЧЕННОЙ ОТВЕТСТВЕННОСТЬЮ ""МОРСКОЙ БРИЗ""",2505008333,,"Адрес: 690001, Приморский край, г Владивосток, Ленинский р-н, ул Пушкинская, д 22",Закшевский Анатолий Иванович,
НБАМР,"ПУБЛИЧНОЕ АКЦИОНЕРНОЕ ОБЩЕСТВО ""НАХОДКИНСКАЯ БАЗА АКТИВНОГО МОРСКОГО РЫБОЛОВСТВА""",2508007948,,"Адрес: 692921, Приморский край, г Находка, ул Макарова, д 5",Дарькин Олег Михайлович,
Сигма-Марин,"ОБЩЕСТВО С ОГРАНИЧЕННОЙ ОТВЕТСТВЕННОСТЬЮ ""СОФКО""",2508044467,,"Адрес: 680011, Хабаровский край, г Хабаровск, ул Джамбула, д 80/1, помещ 16",Петрушин Максим Валентинович,
ГК Гидрострой,"ОБЩЕСТВО С ОГРАНИЧЕННОЙ ОТВЕТСТВЕННОСТЬЮ НОВАЯ РЫБОЛОВНАЯ КОМПАНИЯ ""МАРЕН""",2508111410,,"Адрес: 692953, Приморский край, г Находка, мкр поселок Ливадия, ул 1-я Колхозная, д 5В, офис 1",Истратий Сергей Васильевич,
Южморрыбфлот,"АКЦИОНЕРНОЕ ОБЩЕСТВО ""ПРИМРЫБФЛОТ""",2508113992,"Требует проверки (ИИ): Компания связана с несколькими группами через узлы графа связей, но нет явного указания на принадлежность к одной из них.","Адрес: 690090, ПРИМОРСКИЙ КРАЙ, Г.О. ВЛАДИВОСТОКСКИЙ, Г. ВЛАДИВОСТОК, УЛ. АВРОРОВСКАЯ, ЗД. 10, ОФИС 3.12",Федотов Сергей Вячеславович,
ГК УТРФ,"ОБЩЕСТВО С ОГРАНИЧЕННОЙ ОТВЕТСТВЕННОСТЬЮ ""ПРЕОБРАЖЕНИЕ ВОСТОКА""",2508144045,,"Адрес: 690001, ПРИМОРСКИЙ КРАЙ, Г.О. ВЛАДИВОСТОКСКИЙ, Г. ВЛАДИВОСТОК, УЛ. ПУШКИНСКАЯ, Д. 33А, ОФИС 303В",Закшевский Анатолий Иванович,
ГК Гидрострой ПБТФ,"ОБЩЕСТВО С ОГРАНИЧЕННОЙ ОТВЕТСТВЕННОСТЬЮ ""ВОСТОК""",2508145352,дочерняя структура ПБТФ,"Адрес: 692998, ПРИМОРСКИЙ КРАЙ, М.О. ЛАЗОВСКИЙ, ПГТ. ПРЕОБРАЖЕНИЕ, УЛ. ПОРТОВАЯ, Д. 1, ОФИС 302",Еремеев Сергей Мстиславович,
Группа Триера,"ОБЩЕСТВО С ОГРАНИЧЕННОЙ ОТВЕТСТВЕННОСТЬЮ ""МИНТАЙ ПЛЮС""",2508146719,,"Адрес: 692435, Приморский край, г Дальнегорск, село Каменка, ул Комсомольская, д 13, офис 4",Мячин Олег Владимирович,
Группа Триера,"ОБЩЕСТВО С ОГРАНИЧЕННОЙ ОТВЕТСТВЕННОСТЬЮ ""ТРЕСКА ПЛЮС""",2508146726,,"Адрес: 692435, Приморский край, г Дальнегорск, село Каменка, ул Комсомольская, д 13, офис 4",Мячин Олег Владимирович,
ГК Гидрострой,"ПУБЛИЧНОЕ АКЦИОНЕРНОЕ ОБЩЕСТВО ""ПРЕОБРАЖЕНСКАЯ БАЗА ТРАЛОВОГО ФЛОТА""",2518000814,Преображенская база тралового флота,"Адрес: 692998, Приморский край, Лазовский р-н, пгт Преображение, ул Портовая, д 1",Налабордин Сергей Иванович,
ГК Гидрострой ПБТФ,"ОБЩЕСТВО С ОГРАНИЧЕННОЙ ОТВЕТСТВЕННОСТЬЮ ""ВОСХОД""",2518001230,,"Адрес: 692998, Приморский край, Лазовский р-н, пгт Преображение, ул Портовая, д 1",Еремеев Сергей Мстиславович,
Группа Триера,"ОБЩЕСТВО С ОГРАНИЧЕННОЙ ОТВЕТСТВЕННОСТЬЮ ""ВЕЛЕС-СНЕК""",2521015225,,"Адрес: 692481, Приморский край, Надеждинский р-н, тер ТОР Надеждинская (с Вольно-Надеждинское)",Мячин Олег Владимирович,
ГК РРПК,"ОБЩЕСТВО С ОГРАНИЧЕННОЙ ОТВЕТСТВЕННОСТЬЮ ""РУССКАЯ РЫБОПРОМЫШЛЕННАЯ КОМПАНИЯ""",7731414433,Управляющая компания,"Адрес: 690001, Приморский край, г Владивосток, Ленинский р-н, ул Пушкинская, д 87, офис 7А",Глобенко Константин Владимирович,https://russianfishery.ru/
ГК РРПК,"ОБЩЕСТВО С ОГРАНИЧЕННОЙ ОТВЕТСТВЕННОСТЬЮ ""РУССКИЙ МИНТАЙ""",2521015391,,"Адрес: 692481, Приморский край, Надеждинский р-н, тер ТОР Надеждинская (с Вольно-Надеждинское)","ОБЩЕСТВО С ОГРАНИЧЕННОЙ ОТВЕТСТВЕННОСТЬЮ ""РУССКАЯ РЫБОПРОМЫШЛЕННАЯ КОМПАНИЯ""",
ГК РРПК,"АКЦИОНЕРНОЕ ОБЩЕСТВО ""ТИХООКЕАНСКОЕ УПРАВЛЕНИЕ ПРОМЫСЛОВОЙ РАЗВЕДКИ И НАУЧНО-ИССЛЕДОВАТЕЛЬСКОГО ФЛОТА""",2536053382,,"Адрес: 690001, Приморский край, г Владивосток, Ленинский р-н, ул Пушкинская, д 87","ОБЩЕСТВО С ОГРАНИЧЕННОЙ ОТВЕТСТВЕННОСТЬЮ ""РУССКАЯ РЫБОПРОМЫШЛЕННАЯ КОМПАНИЯ""",
ГК Норебо,"ОБЩЕСТВО С ОГРАНИЧЕННОЙ ОТВЕТСТВЕННОСТЬЮ ""РОЛИЗ""",2536247860,,"Адрес: 683016, Камчатский край, г Петропавловск-Камчатский, ул Мишенная, д 131, офис 24",Лысенко Сергей Алексеевич,
Группа Триера,"ОБЩЕСТВО С ОГРАНИЧЕННОЙ ОТВЕТСТВЕННОСТЬЮ ""ЧУКОТКА""",2536283146,,"Адрес: 689000, Чукотский АО, г Анадырь, ул Полярная, зд 6А",Мячин Олег Владимирович,
ГК РРПК,"ОБЩЕСТВО С ОГРАНИЧЕННОЙ ОТВЕТСТВЕННОСТЬЮ ""НОВЫЙ СЕЙВАЛ""",2536306467,,"Адрес: 690001, Приморский край, г Владивосток, Ленинский р-н, ул Пушкинская, д 87, офис 13","ОБЩЕСТВО С ОГРАНИЧЕННОЙ ОТВЕТСТВЕННОСТЬЮ ""РУССКАЯ РЫБОПРОМЫШЛЕННАЯ КОМПАНИЯ""",
ГК РРПК,"ОБЩЕСТВО С ОГРАНИЧЕННОЙ ОТВЕТСТВЕННОСТЬЮ ""МИНТАЙ ПЕРВЫЙ""",2536306523,,"Адрес: 690001, Приморский край, г Владивосток, Ленинский р-н, ул Пушкинская, д 87, офис 15","ОБЩЕСТВО С ОГРАНИЧЕННОЙ ОТВЕТСТВЕННОСТЬЮ ""РУССКАЯ РЫБОПРОМЫШЛЕННАЯ КОМПАНИЯ""",
ГК РРПК,"ОБЩЕСТВО С ОГРАНИЧЕННОЙ ОТВЕТСТВЕННОСТЬЮ ""НОВОСТРОЙ""",2536306530,,"Адрес: 690001, Приморский край, г Владивосток, Ленинский р-н, ул Пушкинская, д 87, офис 8","ОБЩЕСТВО С ОГРАНИЧЕННОЙ ОТВЕТСТВЕННОСТЬЮ ""РУССКАЯ РЫБОПРОМЫШЛЕННАЯ КОМПАНИЯ""",https://www.audit-it.ru/contragent/1172536038146_ooo-novostroy
ГК РРПК,"ОБЩЕСТВО С ОГРАНИЧЕННОЙ ОТВЕТСТВЕННОСТЬЮ ""РРПК ВОСТОК""",2536306555,,"Адрес: 690001, Приморский край, г Владивосток, Ленинский р-н, ул Пушкинская, д 87, офис 10","ОБЩЕСТВО С ОГРАНИЧЕННОЙ ОТВЕТСТВЕННОСТЬЮ ""РУССКАЯ РЫБОПРОМЫШЛЕННАЯ КОМПАНИЯ""",https://www.audit-it.ru/contragent/1172536038223_ooo-rrpk-vostok
ГК РРПК,"ОБЩЕСТВО С ОГРАНИЧЕННОЙ ОТВЕТСТВЕННОСТЬЮ ""АТЛАНТИК КРАБ""",2536312196,Краб,"Адрес: 690066, Приморский край, г Владивосток, Ленинский р-н, ул Шилкинская, д 7Б, офис 3","АКЦИОНЕРНОЕ ОБЩЕСТВО ""РУССКИЙ КРАБ""",
ГК РРПК,"ОБЩЕСТВО С ОГРАНИЧЕННОЙ ОТВЕТСТВЕННОСТЬЮ ""КАМЧАТКА КРАБ""",2536312206,Краб,"Адрес: 690066, Приморский край, г Владивосток, Ленинский р-н, ул Шилкинская, д 7Б, офис 4","АКЦИОНЕРНОЕ ОБЩЕСТВО ""РУССКИЙ КРАБ""",https://www.audit-it.ru/contragent/1182536028564_ooo-kamchatka-krab
ГК РРПК,"ОБЩЕСТВО С ОГРАНИЧЕННОЙ ОТВЕТСТВЕННОСТЬЮ ""ПАСИФИК КРАБ""",2536312213,Краб,"Адрес: 690066, Приморский край, г Владивосток, Ленинский р-н, ул Шилкинская, д 7Б, офис 2","АКЦИОНЕРНОЕ ОБЩЕСТВО ""РУССКИЙ КРАБ""",https://www.audit-it.ru/contragent/1182536028575_ooo-pasifik-krab
ГК РРПК,"ОБЩЕСТВО С ОГРАНИЧЕННОЙ ОТВЕТСТВЕННОСТЬЮ ""ДАЛЬНЕВОСТОЧНЫЙ КРАБ""",2536319762,Краб,"Адрес: 690066, Приморский край, г Владивосток, Ленинский р-н, ул Шилкинская, д 7Б, офис 9","АКЦИОНЕРНОЕ ОБЩЕСТВО ""РУССКИЙ КРАБ""",https://www.audit-it.ru/contragent/1192536029377_ooo-dalnevostochnyy-krab
ГК РРПК,"ОБЩЕСТВО С ОГРАНИЧЕННОЙ ОТВЕТСТВЕННОСТЬЮ ""В-КРАБ""",2536324554,Краб,"Адрес: 690066, Приморский край, г Владивосток, Ленинский р-н, ул Шилкинская, д 7Б, офис 5","АКЦИОНЕРНОЕ ОБЩЕСТВО ""РУССКИЙ КРАБ""",https://www.audit-it.ru/contragent/1202500018423_ooo-v-krab
ГК РРПК,"ОБЩЕСТВО С ОГРАНИЧЕННОЙ ОТВЕТСТВЕННОСТЬЮ ""П-КРАБ""",2536324579,Краб,"Адрес: 690066, Приморский край, г Владивосток, Ленинский р-н, ул Шилкинская, д 7Б, офис 7","АКЦИОНЕРНОЕ ОБЩЕСТВО ""РУССКИЙ КРАБ""",
ГК РРПК,"ОБЩЕСТВО С ОГРАНИЧЕННОЙ ОТВЕТСТВЕННОСТЬЮ ""ВЛАДКРАБ""",2536334993,Краб,"Адрес: 690066, ПРИМОРСКИЙ КРАЙ, Г.О. ВЛАДИВОСТОКСКИЙ, Г. ВЛАДИВОСТОК, УЛ. ШИЛКИНСКАЯ, ЗД. 7Б, ОФИС 12","АКЦИОНЕРНОЕ ОБЩЕСТВО ""РУССКИЙ КРАБ""",
ГК РРПК,"ОБЩЕСТВО С ОГРАНИЧЕННОЙ ОТВЕТСТВЕННОСТЬЮ ""БЕРИНГ КРАБ""",2536335002,Краб,"Адрес: 690066, ПРИМОРСКИЙ КРАЙ, Г.О. ВЛАДИВОСТОКСКИЙ, Г ВЛАДИВОСТОК, УЛ ШИЛКИНСКАЯ, ЗД. 7Б, ОФИС 11",Горячев Сергей Станиславович,
ГК УТРФ,"ОБЩЕСТВО С ОГРАНИЧЕННОЙ ОТВЕТСТВЕННОСТЬЮ ""МОРСКОЙ БРИЗ 2""",2536337024,,"Адрес: 183038, Мурманская обл, г Мурманск, ул Шмидта, д 43, офис 402",Старков Денис Алексеевич,
ГК Океанрыбфлот,"ОБЩЕСТВО С ОГРАНИЧЕННОЙ ОТВЕТСТВЕННОСТЬЮ ""СЕЛЬДЬ-Д""",2536341912,,"Адрес: 683003, Камчатский край, г Петропавловск-Камчатский, ул Ленинградская, д 27, офис 305",Новоселов Евгений Аликович,
ГК Океанрыбфлот,"ОБЩЕСТВО С ОГРАНИЧЕННОЙ ОТВЕТСТВЕННОСТЬЮ ""СЕЛЬДЬ-В""",2536341920,,"Адрес: 683003, Камчатский край, г Петропавловск-Камчатский, ул Ленинградская, д 27, офис 706/1",Новоселов Евгений Аликович,
ГК РРПК,"ОБЩЕСТВО С ОГРАНИЧЕННОЙ ОТВЕТСТВЕННОСТЬЮ ""МИНТАЙ-Т""",2536347343,,"Адрес: 683042, Камчатский край, г Петропавловск-Камчатский, ул Ларина, д 16, кв 39",Тарусов Сергей Борисович,
ГК РРПК,"ОБЩЕСТВО С ОГРАНИЧЕННОЙ ОТВЕТСТВЕННОСТЬЮ ""МИНТАЙ-В""",2536347350,,"Адрес: 683042, Камчатский край, г Петропавловск-Камчатский, ул Ларина, д 16, кв 39",Тарусов Сергей Борисович,
Сигма-Марин,"ОБЩЕСТВО С ОГРАНИЧЕННОЙ ОТВЕТСТВЕННОСТЬЮ ""СЕЛЬДЬ-ВРП""",2536347368,,"Адрес: 680038, Хабаровский край, г Хабаровск, ул Серышева, д 34, офис 19/2",Рекасов Владимир Васильевич,https://www.audit-it.ru/contragent/1242700018912_ooo-seld-vrp
ГК РРПК,"ОБЩЕСТВО С ОГРАНИЧЕННОЙ ОТВЕТСТВЕННОСТЬЮ ""МИНТАЙ-РМ""",2536347375,,"Адрес: 690001, ПРИМОРСКИЙ КРАЙ, Г.О. ВЛАДИВОСТОКСКИЙ, Г. ВЛАДИВОСТОК, УЛ. ПУШКИНСКАЯ, Д. 87, ОФИС 15В","ОБЩЕСТВО С ОГРАНИЧЕННОЙ ОТВЕТСТВЕННОСТЬЮ ""РУССКАЯ РЫБОПРОМЫШЛЕННАЯ КОМПАНИЯ""",https://www.audit-it.ru/contragent/1242500026625_ooo-mintay-rm
Сигма-Марин,"ОБЩЕСТВО С ОГРАНИЧЕННОЙ ОТВЕТСТВЕННОСТЬЮ ""СЕЛЬДЬ-Т""",2536347382,,"Адрес: 680038, Хабаровский край, г Хабаровск, ул Серышева, д 34, офис 19/1",Рекасов Владимир Васильевич,https://www.audit-it.ru/contragent/1242500026647_ooo-seld-t
ГК РРПК,"ОБЩЕСТВО С ОГРАНИЧЕННОЙ ОТВЕТСТВЕННОСТЬЮ ""МИНТАЙ-И""",2536347390,,"Адрес: 683042, Камчатский край, г Петропавловск-Камчатский, ул Ларина, д 16, кв 39",Тарусов Сергей Борисович,
ГК РРПК,"ОБЩЕСТВО С ОГРАНИЧЕННОЙ ОТВЕТСТВЕННОСТЬЮ ""МИНТАЙ-Д""",2536347400,,"Адрес: 690001, ПРИМОРСКИЙ КРАЙ, Г.О. ВЛАДИВОСТОКСКИЙ, Г. ВЛАДИВОСТОК, УЛ. ПУШКИНСКАЯ, Д. 87, ОФИС 15А","ОБЩЕСТВО С ОГРАНИЧЕННОЙ ОТВЕТСТВЕННОСТЬЮ ""РУССКАЯ РЫБОПРОМЫШЛЕННАЯ КОМПАНИЯ""",
ГК РРПК,"АКЦИОНЕРНОЕ ОБЩЕСТВО ""ИНТРАРОС""",2537008664,,"Адрес: 690001, Приморский край, г Владивосток, Ленинский р-н, ул Пушкинская, д 87","ОБЩЕСТВО С ОГРАНИЧЕННОЙ ОТВЕТСТВЕННОСТЬЮ ""РУССКАЯ РЫБОПРОМЫШЛЕННАЯ КОМПАНИЯ""",https://www.audit-it.ru/contragent/1022501800364_ao-intraros
ГК Гидрострой,"ОБЩЕСТВО С ОГРАНИЧЕННОЙ ОТВЕТСТВЕННОСТЬЮ ""АКВАТЕХНОЛОГИИ""",2537042030,,"Адрес: 692435, Приморский край, г Дальнегорск, село Каменка, ул Комсомольская, д 13",Слепченко Сергей Владимирович,https://www.audit-it.ru/contragent/1022501801673_ooo-akvatekhnologii
Миккор,"ОБЩЕСТВО С ОГРАНИЧЕННОЙ ОТВЕТСТВЕННОСТЬЮ ""ТОЧКА ОМЕГА""",2537143374,,"Адрес: 690012, Приморский край, г Владивосток, Первомайский р-н, ул Калинина, д 231",Лифанов Герман Германович,
Миккор,"АКЦИОНЕРНОЕ ОБЩЕСТВО ""МОРСКАЯ СУДОХОДНАЯ КОМПАНИЯ ""ВОСТОКТРАНССЕРВИС""",2538003718,Транспорт,"Адрес: 690033, Приморский край, г Владивосток, Первореченский р-н, ул Гамарника, д 5, офис 49",Ребиков Владимир Михайлович,
ГК РРПК,"Проверка контрагента по ИНН – больше, чем выписка из ЕГРЮЛ",2538021453,,,,https://www.audit-it.ru/contragent/?search=2538021453&token=329626bc4bf2d3c17e3c53e9a7b207e5
ГК РРПК,"АКЦИОНЕРНОЕ ОБЩЕСТВО ""ДМП-РМ""",2540199962,,"Адрес: 690001, Приморский край, г Владивосток, Ленинский р-н, ул Пушкинская, д 109, офис 301","ОБЩЕСТВО С ОГРАНИЧЕННОЙ ОТВЕТСТВЕННОСТЬЮ ""РУССКАЯ РЫБОПРОМЫШЛЕННАЯ КОМПАНИЯ""",
ДРУК,"ОБЩЕСТВО С ОГРАНИЧЕННОЙ ОТВЕТСТВЕННОСТЬЮ ""РЕАЛ ДЕВЕЛОПМЕНТ""",2540212733,,"Адрес: 690090, ПРИМОРСКИЙ КРАЙ, Г.О. ВЛАДИВОСТОКСКИЙ, Г. ВЛАДИВОСТОК, УЛ. ТИГРОВАЯ, Д. 7, ОФИС 710","АКЦИОНЕРНОЕ ОБЩЕСТВО ""ДАЛЬНЕВОСТОЧНАЯ РЫБОПРОМЫШЛЕННАЯ УПРАВЛЯЮЩАЯ КОМПАНИЯ""",https://www.audit-it.ru/contragent/1152540005067_ooo-real-development
ДРУК,"ОБЩЕСТВО С ОГРАНИЧЕННОЙ ОТВЕТСТВЕННОСТЬЮ ""КРАБ МАРИН""",2540227955,,"Адрес: 690035, ПРИМОРСКИЙ КРАЙ, Г.О. ВЛАДИВОСТОКСКИЙ, Г. ВЛАДИВОСТОК, УЛ. КАЛИНИНА, Д. 6В","АКЦИОНЕРНОЕ ОБЩЕСТВО ""ДАЛЬНЕВОСТОЧНАЯ РЫБОПРОМЫШЛЕННАЯ УПРАВЛЯЮЩАЯ КОМПАНИЯ""",https://www.audit-it.ru/contragent/1172536016355_ooo-krab-marin
ГК УТРФ,"ОБЩЕСТВО С ОГРАНИЧЕННОЙ ОТВЕТСТВЕННОСТЬЮ ""ЭБИСУ""",2540229670,"[ИИ, high]: Компания связана с ГК УТРФ через несколько связанных компаний, таких как ООО ""МОРСКОЙ БРИЗ"" и АО ""УТРФ-ПАЛТУС"".","Адрес: 690001, Приморский край, г Владивосток, Ленинский р-н, ул Светланская, д 78Б, помещ 605",Андропов Алексей Владимирович,
НБАМР,"ОБЩЕСТВО С ОГРАНИЧЕННОЙ ОТВЕТСТВЕННОСТЬЮ ""КАЛЬМАР-1""",2540288411,,"Адрес: 690090, ПРИМОРСКИЙ КРАЙ, Г.О. ВЛАДИВОСТОКСКИЙ, Г. ВЛАДИВОСТОК, УЛ. АВРОРОВСКАЯ, ЗД. 10, КАБ. 210",Селезнев Степан Владимирович,
ГК Гидрострой,"ОБЩЕСТВО С ОГРАНИЧЕННОЙ ОТВЕТСТВЕННОСТЬЮ ""СЕЛЬДЬ 1""",2540291083,,"Адрес: 690090, ПРИМОРСКИЙ КРАЙ, Г.О. ВЛАДИВОСТОКСКИЙ, Г ВЛАДИВОСТОК, УЛ АВРОРОВСКАЯ, ЗД. 10, КАБ. 211",Налабордин Сергей Иванович,
ГК Гидрострой (Далькреветка),"ОБЩЕСТВО С ОГРАНИЧЕННОЙ ОТВЕТСТВЕННОСТЬЮ ""ТРИЕРА""",2543105698,,"Адрес: 690039, Приморский край, г Владивосток, Советский р-н, ул Енисейская, д 23Д, офис 700",Загидулин Александр Ранатович,
ГК УТРФ,"ОБЩЕСТВО С ОГРАНИЧЕННОЙ ОТВЕТСТВЕННОСТЬЮ ""ЗВЕЗДА ВОСТОКА""",2543108709,"[ИИ, high]: Компания связана с ГК УТРФ через несколько связанных компаний, таких как ООО ""МОРСКОЙ БРИЗ"" и АО ""УТРФ-ПАЛТУС"".","Адрес: 690001, ПРИМОРСКИЙ КРАЙ, Г.О. ВЛАДИВОСТОКСКИЙ, Г ВЛАДИВОСТОК, УЛ СВЕТЛАНСКАЯ, Д. 78Б, ПОМЕЩ. 605",Луканин Алексей Александрович,
ГК Гидрострой,"ОБЩЕСТВО С ОГРАНИЧЕННОЙ ОТВЕТСТВЕННОСТЬЮ ""СВЕТЛОЕ МОРЕ""",2543142322,,"Адрес: 690022, ПРИМОРСКИЙ КРАЙ, Г.О. ВЛАДИВОСТОКСКИЙ, Г ВЛАДИВОСТОК, УЛ ЛЕСНАЯ, ЗД. 19Г, ОФИС 1",Кравцов Алексей Александрович,
ГК Гидрострой,"ОБЩЕСТВО С ОГРАНИЧЕННОЙ ОТВЕТСТВЕННОСТЬЮ ""СЕВЕРО-ОХОТСКАЯ СЕЛЬДЕВАЯ КОМПАНИЯ""",2543142330,,"Адрес: 681008, Хабаровский край, г Комсомольск-на-Амуре, Александровский пер, д 7",Макаров Сергей Владимирович,https://www.audit-it.ru/contragent/1192724018288_ooo-severo-okhotskaya-seldevaya-kompaniya
ГК Антей,"ОБЩЕСТВО С ОГРАНИЧЕННОЙ ОТВЕТСТВЕННОСТЬЮ ""АНТЕЙ-ИНВЕСТ""",2543159397,,"Адрес: 690039, Приморский край, г Владивосток, Советский р-н, ул Енисейская, д 23Д, офис 5017",Поломарь Андрей Михайлович,https://www.audit-it.ru/contragent/1212500018686_ooo-antey-invest
ГК Гидрострой,"ОБЩЕСТВО С ОГРАНИЧЕННОЙ ОТВЕТСТВЕННОСТЬЮ ""МАРИНИСТ""",2543160138,,"Адрес: 693020, САХАЛИНСКАЯ ОБЛАСТЬ, Г.О. ГОРОД ЮЖНО-САХАЛИНСК, Г ЮЖНО-САХАЛИНСК, УЛ ИМЕНИ Ф.Э.ДЗЕРЖИНСКОГО, Д. 21",Дядинкин Денис Юрьевич,
ГК Гидрострой,"ОБЩЕСТВО С ОГРАНИЧЕННОЙ ОТВЕТСТВЕННОСТЬЮ ""КОДФИШ""",2543160427,,"Адрес: 681021, ХАБАРОВСКИЙ КРАЙ, Г.О. ГОРОД КОМСОМОЛЬСК-НА-АМУРЕ, Г КОМСОМОЛЬСК-НА-АМУРЕ, ПР-КТ ОКТЯБРЬСКИЙ, Д. 33, ОФИС 418",Макаров Сергей Владимирович,https://www.audit-it.ru/contragent/1212500022701_ooo-kodfish
группа Миргородского–Озерского (Вирма–СЗРК),"ОБЩЕСТВО С ОГРАНИЧЕННОЙ ОТВЕТСТВЕННОСТЬЮ ""ДАЛЬНЕВОСТОЧНАЯ КРАБОЛОВНАЯ КОМПАНИЯ""",2543164220,Краб,"Адрес: 690091, ПРИМОРСКИЙ КРАЙ, Г.О. ВЛАДИВОСТОКСКИЙ, Г ВЛАДИВОСТОК, УЛ СВЕТЛАНСКАЯ, Д. 51А, ПОМЕЩ. 27","ОБЩЕСТВО С ОГРАНИЧЕННОЙ ОТВЕТСТВЕННОСТЬЮ ""СЕВЕРО-ЗАПАДНАЯ РЫБОПРОМЫШЛЕННАЯ КОМПАНИЯ-МУРМАНСК""",
Группа Триера,"ОБЩЕСТВО С ОГРАНИЧЕННОЙ ОТВЕТСТВЕННОСТЬЮ ""ТРИЕРА М""",2543168190,,"Адрес: 690039, ПРИМОРСКИЙ КРАЙ, Г.О. ВЛАДИВОСТОКСКИЙ, Г ВЛАДИВОСТОК, УЛ ЕНИСЕЙСКАЯ, Д. 23Д, ПОМЕЩ. 2, ОФИС 700",Мячин Олег Владимирович,
ГК Антей,"ОБЩЕСТВО С ОГРАНИЧЕННОЙ ОТВЕТСТВЕННОСТЬЮ ""АНТЕЙ""",2543174042,,"Адрес: 690039, ПРИМОРСКИЙ КРАЙ, Г.О. ВЛАДИВОСТОКСКИЙ, Г. ВЛАДИВОСТОК, УЛ. ЕНИСЕЙСКАЯ, Д. 23Д, ОФИС 405",Захарченко Евгений Иванович,
Южморрыбфлот,"ОБЩЕСТВО С ОГРАНИЧЕННОЙ ОТВЕТСТВЕННОСТЬЮ ""ТРЕСКА ПРИМОРЬЯ""",2543177727,,"Адрес: 690039, ПРИМОРСКИЙ КРАЙ, Г.О. ВЛАДИВОСТОКСКИЙ, Г ВЛАДИВОСТОК, УЛ ЕНИСЕЙСКАЯ, Д. 23Д, ПОМЕЩ. 2, ОФИС 700",Мячин Олег Владимирович,
Группа Триера,"ОБЩЕСТВО С ОГРАНИЧЕННОЙ ОТВЕТСТВЕННОСТЬЮ ""ШРИМС""",2543177815,,"Адрес: 690039, ПРИМОРСКИЙ КРАЙ, Г.О. ВЛАДИВОСТОКСКИЙ, Г ВЛАДИВОСТОК, УЛ ЕНИСЕЙСКАЯ, Д. 23Д, ПОМЕЩ. 2, ОФИС 700",Касьянов Роман Александрович,
Группа Триера,"ОБЩЕСТВО С ОГРАНИЧЕННОЙ ОТВЕТСТВЕННОСТЬЮ ""КАМБАЛЫ СЕВЕРА""",2543178907,,"Адрес: 690039, ПРИМОРСКИЙ КРАЙ, Г.О. ВЛАДИВОСТОКСКИЙ, Г. ВЛАДИВОСТОК, УЛ. ЕНИСЕЙСКАЯ, Д. 23Д, ПОМЕЩ. 2, ОФИС 700",Мячин Олег Владимирович,
Группа Триера,"ОБЩЕСТВО С ОГРАНИЧЕННОЙ ОТВЕТСТВЕННОСТЬЮ ""КРЕВЕТКА ДВ""",2543180399,,"Адрес: 690039, ПРИМОРСКИЙ КРАЙ, Г.О. ВЛАДИВОСТОКСКИЙ, Г. ВЛАДИВОСТОК, УЛ. ЕНИСЕЙСКАЯ, Д. 23Д, ПОМЕЩ. 2, ОФИС 700",Мячин Олег Владимирович,https://www.list-org.com/company/14341294
ГК Гидрострой,"ОБЩЕСТВО С ОГРАНИЧЕННОЙ ОТВЕТСТВЕННОСТЬЮ ""МИНТАЙ ПРОМ""",2543182371,,"Адрес: 681008, Хабаровский край, г Комсомольск-на-Амуре, Александровский пер, д 7",Макаров Сергей Владимирович,
ГК Гидрострой,"ОБЩЕСТВО С ОГРАНИЧЕННОЙ ОТВЕТСТВЕННОСТЬЮ ""ОХОТСКАЯ СЕЛЬДЕВАЯ КОМПАНИЯ""",2543184876,,"Адрес: 681008, Хабаровский край, г Комсомольск-на-Амуре, Александровский пер, д 7",Ищенко Александр Иванович,https://www.audit-it.ru/contragent/1242500013238_ooo-osk
Росрыбфлот,"ОБЩЕСТВО С ОГРАНИЧЕННОЙ ОТВЕТСТВЕННОСТЬЮ ""МОРЕС-ДВ""",2700016296,,"Адрес: 690108, ПРИМОРСКИЙ КРАЙ, Г.О. ВЛАДИВОСТОКСКИЙ, Г. ВЛАДИВОСТОК, УЛ. АРТЕКОВСКАЯ, Д. 7, КВ. 108",Перстнев Александр Иванович,https://www.audit-it.ru/contragent/1232700013094_ooo-mores-dv
Группа Триера,"ОБЩЕСТВО С ОГРАНИЧЕННОЙ ОТВЕТСТВЕННОСТЬЮ ""ПРИБРЕЖНОЕ 3""",2700016955,,"Адрес: 690039, ПРИМОРСКИЙ КРАЙ, Г.О. ВЛАДИВОСТОКСКИЙ, Г. ВЛАДИВОСТОК, УЛ. ЕНИСЕЙСКАЯ, Д. 23Д, ПОМЕЩ. 2, ОФИС 700",Мячин Олег Владимирович,https://www.audit-it.ru/contragent/1232700013754_ooo-pribrezhnoe-3
Сигма-Марин,"ОБЩЕСТВО С ОГРАНИЧЕННОЙ ОТВЕТСТВЕННОСТЬЮ ""МОРСКОЙ ПРОСТОР""",2700045152,,"Адрес: 680011, Хабаровский край, г Хабаровск, ул Джамбула, д 80/1, помещ 16/2",Радионов Михаил Юрьевич,
ГК Гидрострой,"ОБЩЕСТВО С ОГРАНИЧЕННОЙ ОТВЕТСТВЕННОСТЬЮ ""ГОРИЗОНТ""",2700045160,,"Адрес: 680038, Хабаровский край, г Хабаровск, ул Серышева, д 34, офис 34/1",Радионов Михаил Юрьевич,
ГК Антей,"ОБЩЕСТВО С ОГРАНИЧЕННОЙ ОТВЕТСТВЕННОСТЬЮ ""АНТЕЙ""",2704007990,,"Адрес: 690039, Приморский край, г Владивосток, Советский р-н, ул Енисейская, д 23Д, офис 502",Поломарь Андрей Михайлович,https://www.audit-it.ru/contragent/1022700912860_ooo-antey
Миккор,"ОБЩЕСТВО С ОГРАНИЧЕННОЙ ОТВЕТСТВЕННОСТЬЮ ""ПОЛЛУКС""",2704014652,,"Адрес: 680000, Хабаровский край, г Хабаровск, ул Тургенева, д 49, помещ 10/8",Лифанов Герман Германович,https://www.list-org.com/company/83590
Сигма-Марин,"ОБЩЕСТВО С ОГРАНИЧЕННОЙ ОТВЕТСТВЕННОСТЬЮ ""ТИХООКЕАНСКАЯ РЫБОПРОМЫСЛОВАЯ КОМПАНИЯ""",2712005764,,"Адрес: 680011, Хабаровский край, г Хабаровск, ул Джамбула, д 80/1, помещ 19/2",Володин Константин Русланович,
Группа Триера,"ОБЩЕСТВО С ОГРАНИЧЕННОЙ ОТВЕТСТВЕННОСТЬЮ РЫБОЛОВЕЦКАЯ КОМПАНИЯ ""НОВЫЙ ПУТЬ""",2715005770,,"Адрес: 680017, Хабаровский край, г Хабаровск, ул Пушкина, д 15А, офис 21",Самойленко Антон Александрович,https://www.audit-it.ru/contragent/1132720003371_ooo-rk-novyy-put
ДРУК,"ОБЩЕСТВО С ОГРАНИЧЕННОЙ ОТВЕТСТВЕННОСТЬЮ ""УХТА-ПРОМ""",2719004880,"Требует проверки (ИИ): Компания имеет управляющую компанию, но нет четкой информации о принадлежности к одной из кандидатных групп.","Адрес: 682432, Хабаровский край, Николаевский р-н, село Оремиф, ул Центральная, д 1","АКЦИОНЕРНОЕ ОБЩЕСТВО ""ДАЛЬНЕВОСТОЧНАЯ РЫБОПРОМЫШЛЕННАЯ УПРАВЛЯЮЩАЯ КОМПАНИЯ""",https://www.list-org.com/company/2979376
ГК Гидрострой,"ОБЩЕСТВО С ОГРАНИЧЕННОЙ ОТВЕТСТВЕННОСТЬЮ ""АКВАРИУС""",2720046210,,"Адрес: 680017, Хабаровский край, г Хабаровск, ул Постышева, д 23, кв 83",Сафонов Олег Геннадьевич,https://www.audit-it.ru/contragent/1122720000237_ooo-akvarius
ГК РРПК,"ОБЩЕСТВО С ОГРАНИЧЕННОЙ ОТВЕТСТВЕННОСТЬЮ ""ВОСТОКРЫБПРОМ""",2721023255,,"Адрес: 682800, Хабаровский край, г Советская Гавань, ул Пионерская, д 14, офис 410","ОБЩЕСТВО С ОГРАНИЧЕННОЙ ОТВЕТСТВЕННОСТЬЮ ""РУССКАЯ РЫБОПРОМЫШЛЕННАЯ КОМПАНИЯ""",
Сигма-Марин,"ОБЩЕСТВО С ОГРАНИЧЕННОЙ ОТВЕТСТВЕННОСТЬЮ ""ВОСТОЧНО-ПРОМЫСЛОВАЯ КОМПАНИЯ""",2721159312,,"Адрес: 680017, Хабаровский край, г Хабаровск, ул Пушкина, д 15А",Фукалова Дарья Владимировна,https://www.audit-it.ru/contragent/1082721005289_ooo-vpk
КУК,"ОБЩЕСТВО С ОГРАНИЧЕННОЙ ОТВЕТСТВЕННОСТЬЮ ""АМУРСКОЕ""",2721227428,,"Адрес: 693020, САХАЛИНСКАЯ ОБЛАСТЬ, Г.О. ГОРОД ЮЖНО-САХАЛИНСК, Г. ЮЖНО-САХАЛИНСК, УЛ. ИМЕНИ Ф.Э.ДЗЕРЖИНСКОГО, Д. 21, ОФИС 306",Вилисов Максим Викторович,https://www.list-org.com/company/9331574
Сигма-Марин,"ОБЩЕСТВО С ОГРАНИЧЕННОЙ ОТВЕТСТВЕННОСТЬЮ ""ДАЛЬНЕВОСТОЧНОЕ ПОБЕРЕЖЬЕ""",2722090350,,"Адрес: 680011, Хабаровский край, г Хабаровск, ул Джамбула, д 80/1, помещ 14",Арыков Алексей Владимирович,
Сигма-Марин,"ОБЩЕСТВО С ОГРАНИЧЕННОЙ ОТВЕТСТВЕННОСТЬЮ ""ОДЖАН""",2722136815,,"Адрес: 680017, Хабаровский край, г Хабаровск, ул Пушкина, д 15А, офис 43",Фукалова Дарья Владимировна,
Сигма-Марин,"ОБЩЕСТВО С ОГРАНИЧЕННОЙ ОТВЕТСТВЕННОСТЬЮ ""СИГМА МАРИН ТЕХНОЛОДЖИ""",2723050060,,"Адрес: 680000, Хабаровский край, г Хабаровск, ул Калинина, д 83А, офис 1",Базикалов Игорь Викторович,https://www.list-org.com/company/87247
ДРУК,"ОБЩЕСТВО С ОГРАНИЧЕННОЙ ОТВЕТСТВЕННОСТЬЮ ""МЕРЛИОН""",2723194055,"Требует проверки (ИИ): Компания имеет конфликт с двумя кандидатными группами, но нет четких связей с известными группами.","Адрес: 690002, ПРИМОРСКИЙ КРАЙ, Г.О. ВЛАДИВОСТОКСКИЙ, Г ВЛАДИВОСТОК, ПР-КТ ОКЕАНСКИЙ, Д. 131В, ПОМЕЩ. 8, ОФИС 903, ЭТАЖ 9","АКЦИОНЕРНОЕ ОБЩЕСТВО ""ДАЛЬНЕВОСТОЧНАЯ РЫБОПРОМЫШЛЕННАЯ УПРАВЛЯЮЩАЯ КОМПАНИЯ""",https://www.list-org.com/company/9742096
Группа Триера,"ОБЩЕСТВО С ОГРАНИЧЕННОЙ ОТВЕТСТВЕННОСТЬЮ ""ВОСТОК-ПЕРСОНАЛ ПЛЮС""",2724172030,,"Адрес: 680038, ХАБАРОВСКИЙ КРАЙ, Г.О. ГОРОД ХАБАРОВСК, Г ХАБАРОВСК, УЛ ФРУНЗЕ, Д. 100, ПОМЕЩ. -I (6-8, 10)",Андреева Владлена Анатольевна,
Группа Ягры,"ОБЩЕСТВО С ОГРАНИЧЕННОЙ ОТВЕТСТВЕННОСТЬЮ ""ЯГРЫ""",2901069731,,"Адрес: 163045, Архангельская обл, г Архангельск, Талажское шоссе, д 45",Антипин Леонид Александрович,
ГК ФОР,"ОБЩЕСТВО С ОГРАНИЧЕННОЙ ОТВЕТСТВЕННОСТЬЮ ""РЫБОЛОВНАЯ КОМПАНИЯ ""БРИЗ""",2901099020,Торговля,"Адрес: 163046, Архангельская обл, г Архангельск, ул Поморская, д 39, помещ 17/18",Борисов Александр Викторович,https://www.list-org.com/company/3022503
группа Миргородского–Озерского (Вирма–СЗРК),"ОБЩЕСТВО С ОГРАНИЧЕННОЙ ОТВЕТСТВЕННОСТЬЮ ""ОМЕГА-ТРЕЙД""",2901127743,"[ИИ, high]: Связанные компании, такие как ООО 'ВИРМА' и ООО 'КАРАПАКС', принадлежат группе Миргородского–Озерского.","Адрес: 163030, Архангельская обл, г Архангельск, Ленинградский пр-кт, д 324, офис 419",Зарубин Сергей Викторович,https://www.list-org.com/company/577058
группа Миргородского–Озерского (Вирма–СЗРК),"АКЦИОНЕРНОЕ ОБЩЕСТВО ""АРХАНГЕЛЬСКИЙ ТРАЛОВЫЙ ФЛОТ""",2901128602,"[ИИ, high]: Связанные компании, такие как ООО 'ВИРМА' и ООО 'КАРАПАКС', принадлежат группе Миргородского–Озерского.","Адрес: 163030, Архангельская обл, г Архангельск, Ленинградский пр-кт, д 324",Зарубин Сергей Викторович,https://www.list-org.com/company/4713
Колхоз Калинина,"АКЦИОНЕРНОЕ ОБЩЕСТВО ""АРХАНГЕЛЬСКИЙ ОПЫТНЫЙ ВОДОРОСЛЕВЫЙ КОМБИНАТ""",2901138167,,"Адрес: 163030, Архангельская обл, г Архангельск, Ленинградский пр-кт, д 328 к 1",Соколов Максим Сергеевич,https://www.list-org.com/company/21578
Группа Ягры,"ОБЩЕСТВО С ОГРАНИЧЕННОЙ ОТВЕТСТВЕННОСТЬЮ ""ПОМОР СИФУД""",2901251074,,"Адрес: 163045, Архангельская обл, г Архангельск, Талажское шоссе, д 45, офис 14",Антипин Леонид Александрович,
группа Миргородского–Озерского (Вирма–СЗРК),"ОБЩЕСТВО С ОГРАНИЧЕННОЙ ОТВЕТСТВЕННОСТЬЮ ""КАРАПАКС""",2901284295,,"Адрес: 163030, Архангельская обл, г Архангельск, Ленинградский пр-кт, д 324, офис 419",Буслович Андрей Игнатьевич,https://www.list-org.com/company/9693163
Колхоз Калинина,"ОБЩЕСТВО С ОГРАНИЧЕННОЙ ОТВЕТСТВЕННОСТЬЮ ""ГЛОБУС""",2901287730,,"Адрес: 164840, Архангельская обл, Приморский р-н, деревня Луда, зд 42А",Заика Андрей Анатольевич,
ГК АТФ,"ОБЩЕСТВО С ОГРАНИЧЕННОЙ ОТВЕТСТВЕННОСТЬЮ ""ПЕЛАГИКА""",2901299485,,"Адрес: 186601, Респ Карелия, Кемский р-н, поселок Рабочеостровск, ул Заводская, д 10, кв 4",Петленко Тарас Владимирович,
Группа Ягры,"ОБЩЕСТВО С ОГРАНИЧЕННОЙ ОТВЕТСТВЕННОСТЬЮ ""МАРИНУС""",2901309542,,"Адрес: 163045, Архангельская обл, г Архангельск, Талажское шоссе, д 45, офис 3",Антипин Леонид Александрович,
Колхоз Калинина,"ОБЩЕСТВО С ОГРАНИЧЕННОЙ ОТВЕТСТВЕННОСТЬЮ ""ПУШЛАХТА""",2901312552,,"Адрес: 164840, АРХАНГЕЛЬСКАЯ ОБЛАСТЬ, М.О. ПРИМОРСКИЙ, Д ЛУДА, ЗД. 42А",Заика Андрей Анатольевич,https://www.list-org.com/company/13940351
Звезда моряка (Армяне),"ОБЩЕСТВО С ОГРАНИЧЕННОЙ ОТВЕТСТВЕННОСТЬЮ ""КОТЛАСРЫБПРОМ""",2904011867,,"Адрес: 183038, Мурманская обл, г Мурманск, ул Воровского, д 5/23, офис 409",Восканян Сергей Самвелович,
ГК Норебо,"АКЦИОНЕРНОЕ ОБЩЕСТВО ""РЫБОЛОВЕЦКАЯ КОМПАНИЯ ""СОГРА""",2917001834,,"Адрес: 163000, Архангельская обл, г Архангельск, наб Северной Двины, д 112 к 3, офис 307",Старков Денис Алексеевич,
Колхоз Калинина,"ОБЩЕСТВО С ОГРАНИЧЕННОЙ ОТВЕТСТВЕННОСТЬЮ ""СЕВНАУЧФЛОТ""",2917002250,,"Адрес: 127051, г Москва, Мещанский р-н, Цветной б-р, д 26 стр 1, помещ 21/1",Заика Андрей Анатольевич,https://www.list-org.com/company/3022115
ГК ФОР,"ОБЩЕСТВО С ОГРАНИЧЕННОЙ ОТВЕТСТВЕННОСТЬЮ ""МЕГРА""",2917126142,,"Адрес: 164764, Архангельская обл, Мезенский р-н, деревня Мегра, д 34",Борисов Александр Викторович,
Колхоз Калинина,РЫБОЛОВЕЦКИЙ КОЛХОЗ ИМ. М. И. КАЛИНИНА,2921001587,,"Адрес: 164840, Архангельская обл, Приморский р-н, деревня Луда, зд 42А",Заика Андрей Анатольевич,https://www.audit-it.ru/contragent/1022901497266_rk-im-m-i-kalinina
Колхоз Калинина,"СЕЛЬСКОХОЗЯЙСТВЕННЫЙ ПРОИЗВОДСТВЕННЫЙ КООПЕРАТИВ ""РЫБОЛОВЕЦКИЙ КОЛХОЗ ""БЕЛОМОР""",2921001636,,"Адрес: 163556, Архангельская обл, Приморский р-н, деревня Летняя Золотица",Самойлов Сергей Николаевич,
Группа Ягры,"ОБЩЕСТВО С ОГРАНИЧЕННОЙ ОТВЕТСТВЕННОСТЬЮ ""УНА""",2921128544,,"Адрес: 164840, Архангельская обл, Приморский р-н, деревня Луда, зд 42А",Кемейшо Сергей Леонович,
Колхоз Калинина,"АКЦИОНЕРНОЕ ОБЩЕСТВО ""АТЛАС""",2921128720,,"Адрес: 164840, АРХАНГЕЛЬСКАЯ ОБЛАСТЬ, М.О. ПРИМОРСКИЙ, Д ЛУДА, ЗД. 42А",Заика Андрей Анатольевич,
группа Миргородского–Озерского (Вирма–СЗРК),"ОБЩЕСТВО С ОГРАНИЧЕННОЙ ОТВЕТСТВЕННОСТЬЮ ""БАГАЖ""",2983002679,,"Адрес: 163030, Архангельская обл, г Архангельск, Ленинградский пр-кт, д 324",Каменный Вячеслав Дмитриевич,https://www.audit-it.ru/contragent/1058383000400_ooo-bagazh
МурманСиФуд,"ОБЩЕСТВО С ОГРАНИЧЕННОЙ ОТВЕТСТВЕННОСТЬЮ ""ЗАПАДРЫБОПРОДУКТ""",3900016538,,"Адрес: 183038, Мурманская обл, г Мурманск, ул Карла Маркса, д 28",Хижняков Владимир Алексеевич,
ГК ФОР,"ОБЩЕСТВО С ОГРАНИЧЕННОЙ ОТВЕТСТВЕННОСТЬЮ ""МОРСКАЯ ЗВЕЗДА""",3903017709,,"Адрес: 236039, Калининградская обл, г Калининград, Московский р-н, ул А.Суворова, д 57, офис 405",Бирюков Олег Евгеньевич,
ГК ФОР,"АКЦИОНЕРНОЕ ОБЩЕСТВО ""НАУЧНО-ПРОМЫШЛЕННОЕ ОБЪЕДИНЕНИЕ ""АТЛАНТРЫБФЛОТ""",3905000203,,"Адрес: 236039, Калининградская обл, г Калининград, Московский р-н, ул А.Суворова, д 57, офис 401Д",Серенков Владимир Анатольевич,
СЗРК,ОБЩЕСТВО С ОГРАНИЧЕННОЙ ОТВЕТСТВЕННОСТЬЮ РЫБОПРОМЫШЛЕННАЯ КОМПАНИЯ ФАРОСТ-БАЛТИКА,3905037323,,"Адрес: 238345, Калининградская обл, г Светлый, поселок Волочаевское, Спортивный пер, д 2, офис 1",Кузиков Дмитрий Сергеевич,
ГК ФОР,"АКЦИОНЕРНОЕ ОБЩЕСТВО ""РЫБОПРОМЫШЛЕННАЯ КОМПАНИЯ""РЫБФЛОТ-ФОР""",3908021441,,"Адрес: 236039, Калининградская обл, г Калининград, Московский р-н, ул А.Суворова, д 57, офис 401А",Серенков Владимир Анатольевич,
ГК Океанрыбфлот,"АКЦИОНЕРНОЕ ОБЩЕСТВО ""ОКЕАНРЫБФЛОТ""",4100000530,,"Адрес: 683003, Камчатский край, г Петропавловск-Камчатский, ул Ленинградская, д 27",Новоселов Евгений Аликович,https://www.list-org.com/company/6366
ГК Норебо,"АКЦИОНЕРНОЕ ОБЩЕСТВО ""БЛАФ""",4100002721,,"Адрес: 683016, Камчатский край, г Петропавловск-Камчатский, ул Мишенная, д 131, офис 21",Лысенко Сергей Алексеевич,https://www.list-org.com/company/49175
ГК Океанрыбфлот,"ОБЩЕСТВО С ОГРАНИЧЕННОЙ ОТВЕТСТВЕННОСТЬЮ ""КАМЧАТТРАЛФЛОТ""",4100006691,"Сверка PCA-списка (25.03.2026): подтверждено графом связей DaData (125 связанных юрлиц, включая прямой узел АО 'ОКЕАНРЫБФЛОТ' ИНН 4100000530) -> группа ГК Океанрыбфлот. Ранее ошибочно перенесена в 'Группу Тихрыбком' по совпадению фамилии директора (Котов) с Tikhrybcom Co., Ltd. -- но патронимы разные (Владимир Викторович vs Николай Михайлович) и граф связей Тихрыбкома с Камчаттралфлотом не подтверждает. Возврат в ГК Океанрыбфлот.","Адрес: 683902, Камчатский край, г Петропавловск-Камчатский, ул Чавычная, д 19",Котов Владимир Викторович,
ГК Норебо,"ОБЩЕСТВО С ОГРАНИЧЕННОЙ ОТВЕТСТВЕННОСТЬЮ ""РОСКАМРЫБА""",4100021636,,"Адрес: 683001, Камчатский край, г Петропавловск-Камчатский, ул Ленинская, д 38, офис 304",Кучугуров Олег Геннадьевич,https://www.list-org.com/company/85645
Росрыбфлот,"ОБЩЕСТВО С ОГРАНИЧЕННОЙ ОТВЕТСТВЕННОСТЬЮ ""ЮПИТЕР ВОСТОК""",4100043608,,"Адрес: 683020, Камчатский край, г Петропавловск-Камчатский, ул Дальняя, д 28/1",Руденко Олег Геннадьевич,
Росрыбфлот,"ОБЩЕСТВО С ОГРАНИЧЕННОЙ ОТВЕТСТВЕННОСТЬЮ ""ФОРТУНА""",4100051479,,"Адрес: 683902, Камчатский край, г Петропавловск-Камчатский, ул Чавычная, д 19",Котов Владимир Викторович,https://www.list-org.com/company/14592150
Росрыбфлот,"ОБЩЕСТВО С ОГРАНИЧЕННОЙ ОТВЕТСТВЕННОСТЬЮ ""САНФИШ 1""",4100052151,,"Адрес: 683020, Камчатский край, г Петропавловск-Камчатский, ул Дальняя, д 28/1",Рекасов Владимир Васильевич,
ГК Гидрострой,"ОБЩЕСТВО С ОГРАНИЧЕННОЙ ОТВЕТСТВЕННОСТЬЮ ""САНФИШ 2""",4100052169,,"Адрес: 683020, Камчатский край, г Петропавловск-Камчатский, ул Дальняя, д 28/1",Радионов Михаил Юрьевич,
ГК Гидрострой,"ОБЩЕСТВО С ОГРАНИЧЕННОЙ ОТВЕТСТВЕННОСТЬЮ ""САНФИШ 3""",4100052176,,"Адрес: 683020, Камчатский край, г Петропавловск-Камчатский, ул Дальняя, д 28/1",Радионов Михаил Юрьевич,
Росрыбфлот,"ОБЩЕСТВО С ОГРАНИЧЕННОЙ ОТВЕТСТВЕННОСТЬЮ ""САНФИШ 4""",4100052183,,"Адрес: 683020, Камчатский край, г Петропавловск-Камчатский, ул Дальняя, д 28/1",Налабордин Сергей Иванович,
ГК РРПК,"ОБЩЕСТВО С ОГРАНИЧЕННОЙ ОТВЕТСТВЕННОСТЬЮ ""МИНТАЙ-РК""",4100052440,,"Адрес: 690001, ПРИМОРСКИЙ КРАЙ, Г.О. ВЛАДИВОСТОКСКИЙ, Г. ВЛАДИВОСТОК, УЛ. ПУШКИНСКАЯ, Д. 87, ОФИС 16Г",Кищенков Антон Валерьевич,
Росрыбфлот,"ОБЩЕСТВО С ОГРАНИЧЕННОЙ ОТВЕТСТВЕННОСТЬЮ ""ГЕРМЕС 1""",4100052673,"[ИИ, high]: Связанные компании, такие как ООО 'РОСРЫБФЛОТ', принадлежат группе Росрыбфлот.","Адрес: 683020, Камчатский край, г Петропавловск-Камчатский, ул Дальняя, д 28/1",Радионов Михаил Юрьевич,
Росрыбфлот,"ОБЩЕСТВО С ОГРАНИЧЕННОЙ ОТВЕТСТВЕННОСТЬЮ ""ГЕРМЕС 2""",4100052680,,"Адрес: 683020, Камчатский край, г Петропавловск-Камчатский, ул Дальняя, д 28/1",Радионов Михаил Юрьевич,https://www.list-org.com/company/14747971
Росрыбфлот,"ОБЩЕСТВО С ОГРАНИЧЕННОЙ ОТВЕТСТВЕННОСТЬЮ ""ГЕРМЕС 3""",4100052698,,"Адрес: 683020, Камчатский край, г Петропавловск-Камчатский, ул Дальняя, д 28/1",Радионов Михаил Юрьевич,https://www.list-org.com/company/14747972
Росрыбфлот,"ОБЩЕСТВО С ОГРАНИЧЕННОЙ ОТВЕТСТВЕННОСТЬЮ ""АНТАРЕС 1""",4100052708,,"Адрес: 683020, Камчатский край, г Петропавловск-Камчатский, ул Дальняя, д 28/1",Радионов Михаил Юрьевич,https://www.list-org.com/company/14745268
Росрыбфлот,"ОБЩЕСТВО С ОГРАНИЧЕННОЙ ОТВЕТСТВЕННОСТЬЮ ""АНТАРЕС 2""",4100052715,"[ИИ, high]: Связанные компании, такие как ООО 'РОСРЫБФЛОТ', принадлежат группе Росрыбфлот.","Адрес: 683902, Камчатский край, г Петропавловск-Камчатский, ул Чавычная, д 19",Котов Владимир Викторович,
Росрыбфлот,"ОБЩЕСТВО С ОГРАНИЧЕННОЙ ОТВЕТСТВЕННОСТЬЮ ""АНТАРЕС 3""",4100052722,,"Адрес: 683020, Камчатский край, г Петропавловск-Камчатский, ул Дальняя, д 28/1",Радионов Михаил Юрьевич,https://www.list-org.com/company/14745270
Росрыбфлот,"ОБЩЕСТВО С ОГРАНИЧЕННОЙ ОТВЕТСТВЕННОСТЬЮ ""КАЙРОС 1""",4100052730,,"Адрес: 690108, ПРИМОРСКИЙ КРАЙ, Г.О. ВЛАДИВОСТОКСКИЙ, Г. ВЛАДИВОСТОК, УЛ. АРТЕКОВСКАЯ, Д. 7, КВ. 108",Перстнев Александр Иванович,
Росрыбфлот,"ОБЩЕСТВО С ОГРАНИЧЕННОЙ ОТВЕТСТВЕННОСТЬЮ ""КАЙРОС 2""",4100052747,,"Адрес: 683020, Камчатский край, г Петропавловск-Камчатский, ул Дальняя, д 28/1",Руденко Олег Геннадьевич,
Росрыбфлот,"ОБЩЕСТВО С ОГРАНИЧЕННОЙ ОТВЕТСТВЕННОСТЬЮ ""КАЙРОС 3""",4100052754,,"Адрес: 683020, Камчатский край, г Петропавловск-Камчатский, ул Дальняя, д 28/1",Руденко Олег Геннадьевич,
Росрыбфлот,"ОБЩЕСТВО С ОГРАНИЧЕННОЙ ОТВЕТСТВЕННОСТЬЮ ""КАЙРОС 4""",4100052761,,"Адрес: 683020, Камчатский край, г Петропавловск-Камчатский, ул Дальняя, д 28/1",Руденко Олег Геннадьевич,
ГК Доброфлот,"ОБЩЕСТВО С ОГРАНИЧЕННОЙ ОТВЕТСТВЕННОСТЬЮ ""ГЕЙЗЕР""",4100054141,"Требует проверки (ИИ): Компания связана с несколькими группами через узлы графа связей, но нет явного указания на принадлежность к одной из них.","Адрес: 692756, ПРИМОРСКИЙ КРАЙ, Г.О. АРТЕМОВСКИЙ, Г. АРТЕМ, УЛ. ПОТЕМКИНА, Д. 15, ОФИС 203",Ефремова Арина Леонидовна,
ГК Доброфлот,"ОБЩЕСТВО С ОГРАНИЧЕННОЙ ОТВЕТСТВЕННОСТЬЮ ""КАЛЬДЕРА""",4100054159,"Требует проверки (ИИ): Компания имеет те же связи, что и ООО ""ГЕЙЗЕР"", но нет явного указания на принадлежность к одной из групп.","Адрес: 692756, ПРИМОРСКИЙ КРАЙ, Г.О. АРТЕМОВСКИЙ, Г. АРТЕМ, УЛ. ПОТЕМКИНА, Д. 15, ОФИС 203",Ефремова Арина Леонидовна,
Росрыбфлот,"ОБЩЕСТВО С ОГРАНИЧЕННОЙ ОТВЕТСТВЕННОСТЬЮ ""ЗЕВС 1""",4100054663,,"Адрес: 683020, Камчатский край, г Петропавловск-Камчатский, ул Дальняя, д 28/1",Руденко Олег Геннадьевич,
Росрыбфлот,"ОБЩЕСТВО С ОГРАНИЧЕННОЙ ОТВЕТСТВЕННОСТЬЮ ""ЗЕВС 2""",4100054670,,"Адрес: 683020, Камчатский край, г Петропавловск-Камчатский, ул Дальняя, д 28/1",Руденко Олег Геннадьевич,
Росрыбфлот,"ОБЩЕСТВО С ОГРАНИЧЕННОЙ ОТВЕТСТВЕННОСТЬЮ ""ЗЕВС 3""",4100054688,,"Адрес: 683020, Камчатский край, г Петропавловск-Камчатский, ул Дальняя, д 28/1",Руденко Олег Геннадьевич,
Росрыбфлот,"ОБЩЕСТВО С ОГРАНИЧЕННОЙ ОТВЕТСТВЕННОСТЬЮ ""ЗЕВС 4""",4100054695,,"Адрес: 683020, Камчатский край, г Петропавловск-Камчатский, ул Дальняя, д 28/1",Руденко Олег Геннадьевич,
Росрыбфлот,"ОБЩЕСТВО С ОГРАНИЧЕННОЙ ОТВЕТСТВЕННОСТЬЮ ""ЗЕВС 5""",4100054705,,"Адрес: 683020, Камчатский край, г Петропавловск-Камчатский, ул Дальняя, д 28/1",Руденко Олег Геннадьевич,
Росрыбфлот,"ОБЩЕСТВО С ОГРАНИЧЕННОЙ ОТВЕТСТВЕННОСТЬЮ ""СИРИУС 1""",4100054712,,"Адрес: 683020, Камчатский край, г Петропавловск-Камчатский, ул Дальняя, д 28/1",Руденко Олег Геннадьевич,
Росрыбфлот,"ОБЩЕСТВО С ОГРАНИЧЕННОЙ ОТВЕТСТВЕННОСТЬЮ ""СИРИУС 2""",4100054720,,"Адрес: 683020, Камчатский край, г Петропавловск-Камчатский, ул Дальняя, д 28/1",Руденко Олег Геннадьевич,
Росрыбфлот,"ОБЩЕСТВО С ОГРАНИЧЕННОЙ ОТВЕТСТВЕННОСТЬЮ ""СИРИУС 3""",4100054737,,"Адрес: 683020, Камчатский край, г Петропавловск-Камчатский, ул Дальняя, д 28/1",Руденко Олег Геннадьевич,
Росрыбфлот,"ОБЩЕСТВО С ОГРАНИЧЕННОЙ ОТВЕТСТВЕННОСТЬЮ ""СИРИУС 5""",4100054751,,"Адрес: 683020, Камчатский край, г Петропавловск-Камчатский, ул Дальняя, д 28/1",Руденко Олег Геннадьевич,
Росрыбфлот,"ОБЩЕСТВО С ОГРАНИЧЕННОЙ ОТВЕТСТВЕННОСТЬЮ ""ПАРНАС 1""",4100054769,,"Адрес: 683020, Камчатский край, г Петропавловск-Камчатский, ул Дальняя, д 28/1",Руденко Олег Геннадьевич,
Росрыбфлот,"ОБЩЕСТВО С ОГРАНИЧЕННОЙ ОТВЕТСТВЕННОСТЬЮ ""ПАРНАС 2""",4100054776,,"Адрес: 683020, Камчатский край, г Петропавловск-Камчатский, ул Дальняя, д 28/1",Руденко Олег Геннадьевич,
Росрыбфлот,"ОБЩЕСТВО С ОГРАНИЧЕННОЙ ОТВЕТСТВЕННОСТЬЮ ""ПАРНАС 3""",4100054783,,"Адрес: 683020, Камчатский край, г Петропавловск-Камчатский, ул Дальняя, д 28/1",Руденко Олег Геннадьевич,
Росрыбфлот,"ОБЩЕСТВО С ОГРАНИЧЕННОЙ ОТВЕТСТВЕННОСТЬЮ ""ПАРНАС 5""",4100054800,,"Адрес: 683020, Камчатский край, г Петропавловск-Камчатский, ул Дальняя, д 28/1",Руденко Олег Геннадьевич,
Росрыбфлот,"ОБЩЕСТВО С ОГРАНИЧЕННОЙ ОТВЕТСТВЕННОСТЬЮ ""КАЙРОС""",4100055770,,"Адрес: 680017, Хабаровский край, г Хабаровск, ул Постышева, д 22А, офис 408",Перелыгин Дмитрий Павлович,
Росрыбфлот,"ОБЩЕСТВО С ОГРАНИЧЕННОЙ ОТВЕТСТВЕННОСТЬЮ ""СИРИУС""",4100055787,,"Адрес: 680017, Хабаровский край, г Хабаровск, ул Постышева, д 22А, офис 408",Перелыгин Дмитрий Павлович,
Росрыбфлот,"ОБЩЕСТВО С ОГРАНИЧЕННОЙ ОТВЕТСТВЕННОСТЬЮ ""САНФИШ Т""",4100055811,,"Адрес: 683020, Камчатский край, г Петропавловск-Камчатский, ул Дальняя, д 28/1",Руденко Олег Геннадьевич,
Росрыбфлот,"ОБЩЕСТВО С ОГРАНИЧЕННОЙ ОТВЕТСТВЕННОСТЬЮ ""АВИОР""",4100056050,,"Адрес: 683020, Камчатский край, г Петропавловск-Камчатский, ул Дальняя, д 28/1",Руденко Олег Геннадьевич,
Росрыбфлот,"ОБЩЕСТВО С ОГРАНИЧЕННОЙ ОТВЕТСТВЕННОСТЬЮ ""АКРУКС""",4100056068,,"Адрес: 683020, Камчатский край, г Петропавловск-Камчатский, ул Дальняя, д 28/1",Руденко Олег Геннадьевич,
Росрыбфлот,"ОБЩЕСТВО С ОГРАНИЧЕННОЙ ОТВЕТСТВЕННОСТЬЮ ""АЛИОТ""",4100056075,,"Адрес: 683020, Камчатский край, г Петропавловск-Камчатский, ул Дальняя, д 28/1",Руденко Олег Геннадьевич,
Росрыбфлот,"ОБЩЕСТВО С ОГРАНИЧЕННОЙ ОТВЕТСТВЕННОСТЬЮ ""АЛЬКОР""",4100056082,,"Адрес: 683020, Камчатский край, г Петропавловск-Камчатский, ул Дальняя, д 28/1",Руденко Олег Геннадьевич,
Росрыбфлот,"ОБЩЕСТВО С ОГРАНИЧЕННОЙ ОТВЕТСТВЕННОСТЬЮ ""АЛЬТАИР""",4100056090,,"Адрес: 683020, Камчатский край, г Петропавловск-Камчатский, ул Дальняя, д 28/1",Руденко Олег Геннадьевич,
Росрыбфлот,"ОБЩЕСТВО С ОГРАНИЧЕННОЙ ОТВЕТСТВЕННОСТЬЮ ""АЛЬФАРД""",4100056100,,"Адрес: 683020, Камчатский край, г Петропавловск-Камчатский, ул Дальняя, д 28/1",Руденко Олег Геннадьевич,
Росрыбфлот,"ОБЩЕСТВО С ОГРАНИЧЕННОЙ ОТВЕТСТВЕННОСТЬЮ ""АРКТУР""",4100056117,,"Адрес: 683020, Камчатский край, г Петропавловск-Камчатский, ул Дальняя, д 28/1",Руденко Олег Геннадьевич,
Росрыбфлот,"ОБЩЕСТВО С ОГРАНИЧЕННОЙ ОТВЕТСТВЕННОСТЬЮ ""ВЕГА""",4100056124,,"Адрес: 683020, Камчатский край, г Петропавловск-Камчатский, ул Дальняя, д 28/1",Налабордин Сергей Иванович,
Росрыбфлот,"ОБЩЕСТВО С ОГРАНИЧЕННОЙ ОТВЕТСТВЕННОСТЬЮ ""КАЙТОС""",4100056131,,"Адрес: 683020, Камчатский край, г Петропавловск-Камчатский, ул Дальняя, д 28/1",Руденко Олег Геннадьевич,
Росрыбфлот,"ОБЩЕСТВО С ОГРАНИЧЕННОЙ ОТВЕТСТВЕННОСТЬЮ ""КАСТОР""",4100056149,,"Адрес: 683020, Камчатский край, г Петропавловск-Камчатский, ул Дальняя, д 28/1",Руденко Олег Геннадьевич,
Росрыбфлот,"ОБЩЕСТВО С ОГРАНИЧЕННОЙ ОТВЕТСТВЕННОСТЬЮ ""КАПЕЛЛА""",4100056156,,"Адрес: 683020, Камчатский край, г Петропавловск-Камчатский, ул Дальняя, д 28/1",Руденко Олег Геннадьевич,
Росрыбфлот,"ОБЩЕСТВО С ОГРАНИЧЕННОЙ ОТВЕТСТВЕННОСТЬЮ ""ПРОЦИОН""",4100056163,,"Адрес: 683020, Камчатский край, г Петропавловск-Камчатский, ул Дальняя, д 28/1",Руденко Олег Геннадьевич,
Росрыбфлот,"ОБЩЕСТВО С ОГРАНИЧЕННОЙ ОТВЕТСТВЕННОСТЬЮ ""РЕГИУС""",4100056170,,"Адрес: 683020, Камчатский край, г Петропавловск-Камчатский, ул Дальняя, д 28/1",Руденко Олег Геннадьевич,
Росрыбфлот,"ОБЩЕСТВО С ОГРАНИЧЕННОЙ ОТВЕТСТВЕННОСТЬЮ ""СИГНУС""",4100056188,,"Адрес: 683020, Камчатский край, г Петропавловск-Камчатский, ул Дальняя, д 28/1",Руденко Олег Геннадьевич,
Росрыбфлот,"ОБЩЕСТВО С ОГРАНИЧЕННОЙ ОТВЕТСТВЕННОСТЬЮ ""ТУРАЙС""",4100056195,,"Адрес: 683020, Камчатский край, г Петропавловск-Камчатский, ул Дальняя, д 28/1",Руденко Олег Геннадьевич,
ГК Норебо,"АКЦИОНЕРНОЕ ОБЩЕСТВО РЫБОЛОВЕЦКОЕ ПРЕДПРИЯТИЕ ""АКРОС""",4101013772,,"Адрес: 683016, Камчатский край, г Петропавловск-Камчатский, ул Мишенная, д 131 стр 13",Лысенко Сергей Алексеевич,
,РЫБОЛОВЕЦКИЙ КОЛХОЗ ИМ. В.И. ЛЕНИНА,4101016808,"Сверка PCA-списка (25.03.2026): Ната подтвердила — самостоятельная компания, без группы","Адрес: 683016, Камчатский край, г Петропавловск-Камчатский, ул Космонавтов, д 40",Тарусов Сергей Борисович,
ГК Океанрыбфлот,"ОБЩЕСТВО С ОГРАНИЧЕННОЙ ОТВЕТСТВЕННОСТЬЮ ""ВИТЯЗЬ-АВТО""",4101081250,"Требует проверки (ИИ): Нет достаточных данных для уверенного определения группы, так как связи с известными группами неясны.","Адрес: 684032, Камчатский край, Елизовский р-н, село Николаевка, мкр Энтузиастов, стр 1",Селезнев Степан Владимирович,
ГК УТРФ,"АКЦИОНЕРНОЕ ОБЩЕСТВО ""УТРФ-КАМЧАТКА""",4101087870,,"Адрес: 683031, Камчатский край, г Петропавловск-Камчатский, ул Топоркова, д 10, офис 13",Арлукевич Ольга Анатольевна,
ГК Норебо,"ОБЩЕСТВО С ОГРАНИЧЕННОЙ ОТВЕТСТВЕННОСТЬЮ ""ПОЛАРИС""",4101138370,,"Адрес: 683031, Камчатский край, г Петропавловск-Камчатский, пр-кт Карла Маркса, д 24",Латынцев Владимир Николаевич,https://www.list-org.com/company/6327432
Сигма-Марин,"ОБЩЕСТВО С ОГРАНИЧЕННОЙ ОТВЕТСТВЕННОСТЬЮ ""СЕВЕР""",4101142626,,"Адрес: 680038, Хабаровский край, г Хабаровск, ул Серышева, д 34, офис 24",Арыков Алексей Владимирович,
ГК Океанрыбфлот,"ОТКРЫТОЕ АКЦИОНЕРНОЕ ОБЩЕСТВО ""ФЕНИКС""",4101145169,,"Адрес: 683001, Камчатский край, г Петропавловск-Камчатский, ул Ленинская, д 26",Новоселов Евгений Аликович,
ГК Норебо,"АКЦИОНЕРНОЕ ОБЩЕСТВО ""АКРОС 3""",4101151638,,"Адрес: 683016, Камчатский край, г Петропавловск-Камчатский, ул Мишенная, д 131, офис 22",Лысенко Сергей Алексеевич,
ГК Норебо,"АКЦИОНЕРНОЕ ОБЩЕСТВО ""ЯМСЫ""",4101153635,,"Адрес: 683016, Камчатский край, г Петропавловск-Камчатский, ул Мишенная, д 131 стр 13, офис 308",Галахин Михаил Юрьевич,
ГК Гидрострой,"ОБЩЕСТВО С ОГРАНИЧЕННОЙ ОТВЕТСТВЕННОСТЬЮ ""ГОРОД 415""",4101158009,,"Адрес: 683001, Камчатский край, г Петропавловск-Камчатский, ул Красинцев, д 1, помещ 4681",Баранов Максим Владимирович,https://www.list-org.com/company/7509188
Росрыбфлот,"АКЦИОНЕРНОЕ ОБЩЕСТВО ""РЫБСПЕЦПРОМ""",4101166472,,"Адрес: 683023, Камчатский край, г Петропавловск-Камчатский, ул Абеля, д 6",Комаров Дмитрий Владимирович,
ГК УТРФ,"АКЦИОНЕРНОЕ ОБЩЕСТВО ""УТРФ-ПАЛТУС""",4101180580,,"Адрес: 690001, Приморский край, г Владивосток, Ленинский р-н, ул Пушкинская, д 22, офис 9",Закшевский Анатолий Иванович,
Сигма-Марин,"ОБЩЕСТВО С ОГРАНИЧЕННОЙ ОТВЕТСТВЕННОСТЬЮ ""ТРЕСКА ДВ""",4101189430,,"Адрес: 680000, Хабаровский край, г Хабаровск, ул Калинина, д 83А, офис 2",Базикалов Игорь Викторович,https://www.list-org.com/company/12364537
Сигма-Марин,"ОБЩЕСТВО С ОГРАНИЧЕННОЙ ОТВЕТСТВЕННОСТЬЮ ""МИНТАЙ ДВ""",4101189462,,"Адрес: 680011, Хабаровский край, г Хабаровск, ул Джамбула, д 80/1, помещ 16/1",Батищев Иван Валерьевич,
ГК Океанрыбфлот,"АКЦИОНЕРНОЕ ОБЩЕСТВО ""УЗОН""",4101190059,,"Адрес: 692922, ПРИМОРСКИЙ КРАЙ, Г.О. НАХОДКИНСКИЙ, Г. НАХОДКА, УЛ. ПОГРАНИЧНАЯ, Д. 19, ОФИС 4",Яцьков Сергей Станиславович,https://www.list-org.com/company/12439798
ГК Гидрострой ПБТФ,"ОБЩЕСТВО С ОГРАНИЧЕННОЙ ОТВЕТСТВЕННОСТЬЮ ""РЫБХОЛКАМ""",4108002681,,"Адрес: 684111, Камчатский край, Усть-Большерецкий р-н, село Запорожье, ул Центральная, стр 1",Барабанов Евгений Сергеевич,https://www.list-org.com/company/17608
ГК Гидрострой ПБТФ,"АКЦИОНЕРНОЕ ОБЩЕСТВО ""ОЗЕРНОВСКИЙ РЫБОКОНСЕРВНЫЙ ЗАВОД № 55""",4108003484,,"Адрес: 684110, Камчатский край, Усть-Большерецкий р-н, поселок Озерновский, ул Октябрьская, д 1А",Барабанов Сергей Анатольевич,
Группа Тихрыбком,"ОБЩЕСТВО С ОГРАНИЧЕННОЙ ОТВЕТСТВЕННОСТЬЮ ""ТИХООКЕАНСКАЯ РЫБОПРОМЫШЛЕННАЯ КОМПАНИЯ""",4909053889,,"Адрес: 685000, Магаданская обл, г Магадан, ул Портовая, д 1",Котов Николай Михайлович,
ГК Норебо,"ОБЩЕСТВО С ОГРАНИЧЕННОЙ ОТВЕТСТВЕННОСТЬЮ ""МАГАДАНРЫБА""",4909056047,,"Адрес: 685000, Магаданская обл, г Магадан, ул Пролетарская, д 11, офис 312",Теленков Руслан Николаевич,
Группа Тихрыбком,"ОБЩЕСТВО С ОГРАНИЧЕННОЙ ОТВЕТСТВЕННОСТЬЮ ""МАГ-СИ ИНТЕРНЕШНЛ""",4909070355,,"Адрес: 685000, Магаданская обл, г Магадан, ул Портовая, д 1",Котов Николай Михайлович,
ГК Норебо,"ОБЩЕСТВО С ОГРАНИЧЕННОЙ ОТВЕТСТВЕННОСТЬЮ ""МАГАДАНТРАЛФЛОТ""",4909117170,,"Адрес: 683016, Камчатский край, г Петропавловск-Камчатский, ул Мишенная, д 131, офис 25",Лысенко Сергей Алексеевич,
ГК УТРФ,"ОБЩЕСТВО С ОГРАНИЧЕННОЙ ОТВЕТСТВЕННОСТЬЮ ""МАГАДАНРЫБА 2""",4909122123,,"Адрес: 685000, Магаданская обл, г Магадан, ул Пролетарская, д 11, офис 312А",Куликовский Константин Владимирович,
ГК Норебо,"ПУБЛИЧНОЕ АКЦИОНЕРНОЕ ОБЩЕСТВО ""МУРМАНСКИЙ ТРАЛОВЫЙ ФЛОТ""",5100000010,,"Адрес: 183038, Мурманская обл, г Мурманск, ул Шмидта, д 43, офис 401",Старков Денис Алексеевич,
группа Миргородского–Озерского (Вирма–СЗРК),"ОБЩЕСТВО С ОГРАНИЧЕННОЙ ОТВЕТСТВЕННОСТЬЮ ""ФРОСТЕР""",5105005573,"[ИИ, high]: Связана с компаниями из группы Миргородского–Озерского через узлы графа связей.","Адрес: 183038, Мурманская обл, г Мурманск, ул Траловая, д 43, офис 403",Егоров Виктор Алексеевич,https://www.audit-it.ru/contragent/1035100048004_ooo-froster
ГК Норебо,"ОБЩЕСТВО С ОГРАНИЧЕННОЙ ОТВЕТСТВЕННОСТЬЮ ""РЫБНАЯ КОМПАНИЯ ""ПОЛЯРНОЕ МОРЕ+""",5105093964,,"Адрес: 184376, Мурманская обл, Кольский р-н, село Минькино, д 150Б",Загоровский Владимир Николаевич,https://www.audit-it.ru/contragent/1105105000736_ooo-rk-polyarnoe-more
группа Миргородского–Озерского (Вирма–СЗРК),"ОБЩЕСТВО С ОГРАНИЧЕННОЙ ОТВЕТСТВЕННОСТЬЮ ""АЛЬФА ТРЕЙД""",5105097302,"[ИИ, high]: Связана с компаниями из группы Миргородского–Озерского через узлы графа связей.","Адрес: 183038, Мурманская обл, г Мурманск, ул Траловая, д 43, офис 404",Егоров Виктор Алексеевич,https://www.audit-it.ru/contragent/1145105000776_ooo-alfa-treyd
ГК ФОР,ГАРАЖНО-СТРОИТЕЛЬНЫЙ КООПЕРАТИВ № 74,5190001070,,"Адрес: 183038, Мурманская обл, г Мурманск, Рыбный проезд, д 8, офис 60",Головин Виктор Владимирович,https://www.list-org.com/company/6816955
группа Миргородского–Озерского (Вирма–СЗРК),"ОБЩЕСТВО С ОГРАНИЧЕННОЙ ОТВЕТСТВЕННОСТЬЮ ""СЕВЕРНЫЕ ПРОМЫСЛЫ""",5190020202,,"Адрес: 183038, Мурманская обл, г Мурманск, ул Траловая, д 43",Гуляев Андрей Юрьевич,
группа Миргородского–Озерского (Вирма–СЗРК),"ОБЩЕСТВО С ОГРАНИЧЕННОЙ ОТВЕТСТВЕННОСТЬЮ ""ЭТА-ТРЕЙД""",5190029090,"[ИИ, high]: Связана с компаниями из группы Миргородского–Озерского через узлы графа связей.","Адрес: 183038, Мурманская обл, г Мурманск, ул Траловая, д 43, офис 404",Егоров Виктор Алексеевич,
Группа Согласие,"Проверка контрагента по ИНН – больше, чем выписка из ЕГРЮЛ",5190029544,,,,https://www.audit-it.ru/contragent/?search=5190029544&token=afdd911d1766b7b95907d20b3deb2296
ГК Норебо,"Проверка контрагента по ИНН – больше, чем выписка из ЕГРЮЛ",5190033581,,,,https://www.audit-it.ru/contragent/?search=5190033581&token=275b10d68fdaaa9040d0a917a5a3464c
СЗРК,"ОБЩЕСТВО С ОГРАНИЧЕННОЙ ОТВЕТСТВЕННОСТЬЮ ""АМЕТИСТ-ФИНАНС""",5190037870,АТФ,"Адрес: 183036, Мурманская обл, г Мурманск, ул Мира, д 4 к 2, кв 35",Максимов Александр Сергеевич,https://www.list-org.com/company/7955693
ГК Норебо,"Проверка контрагента по ИНН – больше, чем выписка из ЕГРЮЛ",5190039389,,,,https://www.audit-it.ru/contragent/?search=5190039389&token=104540cd0eaaa2e9c623194f9c298b59
ГК ФОР,"ОБЩЕСТВО С ОГРАНИЧЕННОЙ ОТВЕТСТВЕННОСТЬЮ ""ПРИЧАЛ-Л""",5190045302,,"Адрес: 183003, Мурманская обл, г Мурманск, ул Три Ручья, д 41",Величко Владимир Юрьевич,
ГК ФОР,"Проверка контрагента по ИНН – больше, чем выписка из ЕГРЮЛ",5190069022,,,,https://www.audit-it.ru/contragent/?search=5190069022&token=adec20658089eefa0df869df267484b3
МурманСиФуд,"ОБЩЕСТВО С ОГРАНИЧЕННОЙ ОТВЕТСТВЕННОСТЬЮ ""РУССКАЯ ТРЕСКА""",5190072546,,"Адрес: 183038, Мурманская обл, г Мурманск, ул Карла Маркса, д 28",Хижняков Владимир Алексеевич,
ГК РРПК,"ОБЩЕСТВО С ОГРАНИЧЕННОЙ ОТВЕТСТВЕННОСТЬЮ ""Б-КРАБ""",5190080138,,"Адрес: 690066, ПРИМОРСКИЙ КРАЙ, Г.О. ВЛАДИВОСТОКСКИЙ, Г. ВЛАДИВОСТОК, УЛ. ШИЛКИНСКАЯ, ЗД. 7Б, ОФИС 10","АКЦИОНЕРНОЕ ОБЩЕСТВО ""РУССКИЙ КРАБ""",https://www.list-org.com/company/12280421
Группа Согласие,"ОБЩЕСТВО С ОГРАНИЧЕННОЙ ОТВЕТСТВЕННОСТЬЮ ""СИГМА-ТРЕЙД""",5190091740,"Требует проверки (ИИ): Компания связана с обеими кандидатными группами через узлы графа связей, но нет явного указания на принадлежность к одной из них.","Адрес: 183038, Мурманская обл, г Мурманск, ул Траловая, д 43, офис 404",Егоров Виктор Алексеевич,https://www.audit-it.ru/contragent/1225100003314_ooo-sigma-treyd
ГК Норебо,"Проверка контрагента по ИНН – больше, чем выписка из ЕГРЮЛ",5190100161,МРФ,,,https://www.audit-it.ru/contragent/?search=5190100161&token=8ae6035de9ec9887e2e4c93971885a55
ГК Норебо,"АКЦИОНЕРНОЕ ОБЩЕСТВО ""ЭРИДАН""",5190103233,,"Адрес: 183038, Мурманская обл, г Мурманск, ул Шмидта, д 43, помещ XIII офис 208",Старков Денис Алексеевич,
группа Миргородского–Озерского (Вирма–СЗРК),"ОБЩЕСТВО С ОГРАНИЧЕННОЙ ОТВЕТСТВЕННОСТЬЮ ""СЕВЕРО-ЗАПАДНАЯ КРАБОЛОВНАЯ КОМПАНИЯ""",5190119530,"[ИИ, high]: Компания связана с ООО ""ВИРМА"" и ООО ""СЕВЕРНЫЕ ПРОМЫСЛЫ"", которые входят в группу Миргородского–Озерского.","Адрес: 183038, Мурманская обл, г Мурманск, ул Траловая, д 43",Журавлев Владимир Юрьевич,
Группа Согласие,"ОБЩЕСТВО С ОГРАНИЧЕННОЙ ОТВЕТСТВЕННОСТЬЮ ""МУРМАНСТРОЙ""",5190188460,,"Адрес: 183038, Мурманская обл, г Мурманск, ул Шмидта, д 11А, офис 1",Чевычало Игорь Викторович,https://www.audit-it.ru/contragent/1085190010400_ooo-murmanstroy
ГК Норебо,"Проверка контрагента по ИНН – больше, чем выписка из ЕГРЮЛ",5190200910,МТФ,,,https://www.audit-it.ru/contragent/?search=5190200910&token=f0083638e543f94643d237179878987a
ГК Норебо,"АКЦИОНЕРНОЕ ОБЩЕСТВО ""КАРАТ-1""",5190303200,,"Адрес: 183038, Мурманская обл, г Мурманск, ул Шмидта, д 43, офис 521",Старков Денис Алексеевич,
Группа Севрос,"ОБЩЕСТВО С ОГРАНИЧЕННОЙ ОТВЕТСТВЕННОСТЬЮ ""БИОНОРД""",5190401649,,"Адрес: 183038, Мурманская обл, г Мурманск, пр-кт Ленина, д 104, офис 4",Бачурихина Марина Сережиковна,https://www.audit-it.ru/contragent/1025100862016_ooo-bionord
ГК Норебо,"АКЦИОНЕРНОЕ ОБЩЕСТВО ""РЫБПРОМИНВЕСТ""",5190405869,,"Адрес: 183038, Мурманская обл, г Мурманск, ул Шмидта, д 43, офис 301",Старков Денис Алексеевич,
группа Миргородского–Озерского (Вирма–СЗРК),"ОБЩЕСТВО С ОГРАНИЧЕННОЙ ОТВЕТСТВЕННОСТЬЮ ""СЕВЕРО-ЗАПАДНАЯ РЫБОПРОМЫШЛЕННАЯ КОМПАНИЯ-МУРМАНСК""",5190411189,"[ИИ, high]: Компания связана с ООО ""ВИРМА"" и ООО ""СЕВЕРНЫЕ ПРОМЫСЛЫ"", которые входят в группу Миргородского–Озерского.","Адрес: 183038, Мурманская обл, г Мурманск, ул Траловая, д 43",Журавлев Владимир Юрьевич,
МурманСиФуд,"Проверка контрагента по ИНН – больше, чем выписка из ЕГРЮЛ",5190803212,,,,https://www.audit-it.ru/contragent/?search=5190803212&token=bdc93edfcd24d9f16cfdbd34ec467756
ГК ФОР,"Проверка контрагента по ИНН – больше, чем выписка из ЕГРЮЛ",5190901845,,,,https://www.audit-it.ru/contragent/?search=5190901845&token=2c0863a40320a850c0b8bb78380d2b70
Звезда моряка (Армяне),"ОБЩЕСТВО С ОГРАНИЧЕННОЙ ОТВЕТСТВЕННОСТЬЮ ""ЗВЕЗДА МОРЯКА""",5190910910,,"Адрес: 183038, Мурманская обл, г Мурманск, ул Воровского, д 5/23, офис 401",Восканян Сергей Самвелович,
группа Миргородского–Озерского (Вирма–СЗРК),"ЗАКРЫТОЕ АКЦИОНЕРНОЕ ОБЩЕСТВО ""АРКТИКСЕРВИС""",5191204516,"[ИИ, high]: Компания связана с ООО ""ВИРМА"" и ООО ""СЕВЕРНЫЕ ПРОМЫСЛЫ"", которые входят в группу Миргородского–Озерского.","Адрес: 183038, Мурманская обл, г Мурманск, ул Траловая, д 43",Журавлев Владимир Юрьевич,
Группа Севрос,"ОБЩЕСТВО С ОГРАНИЧЕННОЙ ОТВЕТСТВЕННОСТЬЮ ""СЕВРОС""",5191311892,,"Адрес: 183038, Мурманская обл, г Мурманск, пр-кт Ленина, д 104, офис 4",Бачурихина Марина Сережиковна,
Группа Севрос,"ОБЩЕСТВО С ОГРАНИЧЕННОЙ ОТВЕТСТВЕННОСТЬЮ ""БИОС-АРКТИК""",5191312712,,"Адрес: 183010, Мурманская обл, г Мурманск, ул Шмидта, д 6, офис 5",Болтиков Роман Васильевич,
ГК Норебо,"АКЦИОНЕРНОЕ ОБЩЕСТВО ""ТАУРУС""",5191407587,,"Адрес: 183038, Мурманская обл, г Мурманск, ул Шмидта, д 43, помещ XIII офис 206/2",Старков Денис Алексеевич,
ГК Норебо,"АКЦИОНЕРНОЕ ОБЩЕСТВО ""СТРЕЛЕЦ""",5191407604,,"Адрес: 183038, Мурманская обл, г Мурманск, ул Шмидта, д 43, помещ XIII офис 211",Старков Денис Алексеевич,
ГК Норебо,"АКЦИОНЕРНОЕ ОБЩЕСТВО ""МУРМАНСКИЙ ГУБЕРНСКИЙ ФЛОТ""",5191431188,,"Адрес: 183038, Мурманская обл, г Мурманск, ул Шмидта, д 43, офис 401",Старков Денис Алексеевич,
Группа Мурманрыбфлот,"АКЦИОНЕРНОЕ ОБЩЕСТВО ""МУРМАНРЫБФЛОТ 2""",5193104122,,"Адрес: 183010, Мурманская обл, г Мурманск, ул Шмидта, д 6, офис 5",Денисова Анна Юрьевна,
Группа Мурмансельдь,"АКЦИОНЕРНОЕ ОБЩЕСТВО ""МУРМАНСЕЛЬДЬ 2""",5193104130,,"Адрес: 183025, Мурманская обл, г Мурманск, ул Полярные Зори, д 22",Онискевич Олег Олегович,
МурманСиФуд,"ОБЩЕСТВО С ОГРАНИЧЕННОЙ ОТВЕТСТВЕННОСТЬЮ КОМПАНИЯ ""МУРМАН СИФУД""",5193410761,,"Адрес: 183038, Мурманская обл, г Мурманск, ул Карла Маркса, д 28",Хижняков Владимир Алексеевич,
ГК ФОР,"ОБЩЕСТВО С ОГРАНИЧЕННОЙ ОТВЕТСТВЕННОСТЬЮ ""КОМПАНИЯ ЛКТ""",5193410948,,"Адрес: 183010, Мурманская обл, г Мурманск, ул Декабристов, д 1",Борисов Александр Викторович,
ГК Гидрострой,"ОБЩЕСТВО С ОГРАНИЧЕННОЙ ОТВЕТСТВЕННОСТЬЮ РЫБОПЕРЕРАБАТЫВАЮЩЕЕ ПРЕДПРИЯТИЕ ""МАКАРОВСКОЕ II""",6500000747,,"Адрес: 694140, Сахалинская обл, Макаровский р-н, г Макаров, ул Набережная, стр 31",Довгополый Анатолий Иванович,https://www.audit-it.ru/contragent/?search=6500000747&token=8158c834c3640e08f511e7f18e0c35c4
ГК Гидрострой,"ОБЩЕСТВО С ОГРАНИЧЕННОЙ ОТВЕТСТВЕННОСТЬЮ ""ПБТФ ПЛЮС""",6500001370,,"Адрес: 693010, Сахалинская обл, г Южно-Сахалинск, Алтайский пер, д 15, офис 403",Радионов Михаил Юрьевич,https://www.audit-it.ru/contragent/?search=6500001370&token=22303b270c32e23e60156ecd6ca8649b
ГК Норебо,"ОБЩЕСТВО С ОГРАНИЧЕННОЙ ОТВЕТСТВЕННОСТЬЮ ""ТРЕСКА""",6500004124,,"Адрес: 694520, Сахалинская обл, Южно-Курильский р-н, село Малокурильское, ул Советская, д 8, офис 5",Закревский Руслан Александрович,https://www.audit-it.ru/contragent/?search=6500004124&token=c323beda713226209d13497a6d5a17ee
ГК Гидрострой,"ОБЩЕСТВО С ОГРАНИЧЕННОЙ ОТВЕТСТВЕННОСТЬЮ ""ОСТРОВ 21""",6500008016,,"Адрес: 694500, Сахалинская обл, Южно-Курильский р-н, пгт Южно-Курильск, ул Набережная, зд 26",Бирюков Василий Васильевич,https://www.audit-it.ru/contragent/?search=6500008016&token=8338f3b3927f799c24741d4f89ed4516
ГК Гидрострой,"ОБЩЕСТВО С ОГРАНИЧЕННОЙ ОТВЕТСТВЕННОСТЬЮ ""ВАЕР ПЛЮС""",6500010216,,"Адрес: 694140, Сахалинская обл, Макаровский р-н, г Макаров, ул 50 лет Октября, д 1, офис 5",Радионов Михаил Юрьевич,https://www.audit-it.ru/contragent/?search=6500010216&token=30ce0497ff3e8cc620e23fff886a5bd1
ГК Гидрострой,"ОБЩЕСТВО С ОГРАНИЧЕННОЙ ОТВЕТСТВЕННОСТЬЮ ""МОРСКОЙ ЁЖ""",6500010417,,"Адрес: 693006, Сахалинская обл, г Южно-Сахалинск, пр-кт Мира, д 300 к 3, кв 86",Волков Лев Геннадьевич,
ГК Гидрострой,"ОБЩЕСТВО С ОГРАНИЧЕННОЙ ОТВЕТСТВЕННОСТЬЮ ""МИНТАЙ ПРИБОЯ""",6500010537,,"Адрес: 693010, Сахалинская обл, г Южно-Сахалинск, Алтайский пер, д 15, офис 403",Радионов Михаил Юрьевич,https://www.audit-it.ru/contragent/?search=6500010537&token=4fd300d90f1fceb19f63eaa9bb9992c0
ГК Гидрострой,"ОБЩЕСТВО С ОГРАНИЧЕННОЙ ОТВЕТСТВЕННОСТЬЮ ""КАМБАЛЫ ПРИБОЯ""",6500010544,,"Адрес: 693010, Сахалинская обл, г Южно-Сахалинск, Алтайский пер, д 15, офис 403",Коробков Константин Викторович,
ГК Гидрострой (Далькреветка),"ОБЩЕСТВО С ОГРАНИЧЕННОЙ ОТВЕТСТВЕННОСТЬЮ ""ОПЛОТ ПЛЮС""",6500010784,,"Адрес: 693013, Сахалинская обл, г Южно-Сахалинск, ул Садовая аллея, д 2",Касьянов Роман Александрович,
ГК Гидрострой,"ОБЩЕСТВО С ОГРАНИЧЕННОЙ ОТВЕТСТВЕННОСТЬЮ ""ПРИМОРСКИЙ ЁЖ""",6500010791,морской еж,"Адрес: 693006, Сахалинская обл, г Южно-Сахалинск, пр-кт Мира, д 300 к 3, кв 86",Бабушкин Андрей Юрьевич,
ГК Гидрострой,"ОБЩЕСТВО С ОГРАНИЧЕННОЙ ОТВЕТСТВЕННОСТЬЮ ""КАММИНТ""",6500011562,,"Адрес: 693010, Сахалинская обл, г Южно-Сахалинск, Алтайский пер, д 15, офис 103",Познухов Игорь Михайлович,https://www.audit-it.ru/contragent/?search=6500011562&token=6408af6c558b5a466eed8195c450b88e
Группа Океан Союз,"ОБЩЕСТВО С ОГРАНИЧЕННОЙ ОТВЕТСТВЕННОСТЬЮ ""СИАМ ПЛЮС""",6500012189,,"Адрес: 694020, Сахалинская обл, Корсаковский р-н, г Корсаков, Корабельный пер, д 8, офис 2",Войтенко Максим Сергеевич,https://www.audit-it.ru/contragent/?search=6500012189&token=c24e2a3c7469a1395a731709b44145fd
ГК Гидрострой,"ОБЩЕСТВО С ОГРАНИЧЕННОЙ ОТВЕТСТВЕННОСТЬЮ ""ЗЮЙД ПЛЮС""",6500012301,,"Адрес: 693010, Сахалинская обл, г Южно-Сахалинск, Алтайский пер, д 15, офис 206",Радионов Михаил Юрьевич,https://www.audit-it.ru/contragent/?search=6500012301&token=32e0acc5b757fd10451d2b128bff67b8
ГК Гидрострой,"ОБЩЕСТВО С ОГРАНИЧЕННОЙ ОТВЕТСТВЕННОСТЬЮ ""ФОРЕВЕР-1""",6500016426,,"Адрес: 693023, Сахалинская обл, г Южно-Сахалинск, ул Алексея Максимовича Горького, д 62, кв 12",Мячин Олег Владимирович,https://www.audit-it.ru/contragent/?search=6500016426&token=9fb01b93e6acfcc0a7bf9ddc840c13ad
Сигма-Марин,"ОБЩЕСТВО С ОГРАНИЧЕННОЙ ОТВЕТСТВЕННОСТЬЮ ""КУРМИНТ""",6500019120,,"Адрес: 693010, Сахалинская обл, г Южно-Сахалинск, Алтайский пер, д 15, офис 106",Батищев Иван Валерьевич,https://www.audit-it.ru/contragent/?search=6500019120&token=aee644120eb22da2ef16b475837b6bec
ГК Гидрострой,"ОБЩЕСТВО С ОГРАНИЧЕННОЙ ОТВЕТСТВЕННОСТЬЮ ""МИНТАЙ ЮК""",6500020084,,"Адрес: 693010, Сахалинская обл, г Южно-Сахалинск, Алтайский пер, д 15, помещ 403",Радионов Михаил Юрьевич,https://www.audit-it.ru/contragent/?search=6500020084&token=dac792cc3e29074b7c17af3de6115055
Сигма-Марин,"ОБЩЕСТВО С ОГРАНИЧЕННОЙ ОТВЕТСТВЕННОСТЬЮ ""МСК 65""",6500025244,,"Адрес: 680011, Хабаровский край, г Хабаровск, ул Джамбула, д 80/1, помещ 16/3",Володин Константин Русланович,
Сигма-Марин,"ОБЩЕСТВО С ОГРАНИЧЕННОЙ ОТВЕТСТВЕННОСТЬЮ ""САКАНА""",6500025710,,"Адрес: 693010, Сахалинская обл, г Южно-Сахалинск, Алтайский пер, д 15",Базикалов Игорь Викторович,
ГК Гидрострой,"ОБЩЕСТВО С ОГРАНИЧЕННОЙ ОТВЕТСТВЕННОСТЬЮ ""СЕВКУРМИНТ""",6500026625,"Требует проверки (ИИ): Компания связана с обеими кандидатными группами через узлы графа связей, но нет явного указания на принадлежность к одной из них.","Адрес: 693010, Сахалинская обл, г Южно-Сахалинск, Алтайский пер, д 15",Радионов Михаил Юрьевич,
ГК Гидрострой,"ЗАКРЫТОЕ АКЦИОНЕРНОЕ ОБЩЕСТВО ""ПИЛЕНГА""",6501012632,рыбодобыча,"Адрес: 693010, Сахалинская обл, г Южно-Сахалинск, Алтайский пер, д 15",Горшечников Андрей Олегович,
Миккор,"ОБЩЕСТВО С ОГРАНИЧЕННОЙ ОТВЕТСТВЕННОСТЬЮ ""МИККОР""",6501059302,,"Адрес: 693023, Сахалинская обл, г Южно-Сахалинск, ул Комсомольская, д 231А",Дробинский Вадим Петрович,
ГК Гидрострой,"ЗАКРЫТОЕ АКЦИОНЕРНОЕ ОБЩЕСТВО ""ОСТРОВ САХАЛИН""",6501074974,крупный держатель квот,"Адрес: 693010, Сахалинская обл, г Южно-Сахалинск, Алтайский пер, д 15",Горшечников Андрей Олегович,
ГК Гидрострой,"ОБЩЕСТВО С ОГРАНИЧЕННОЙ ОТВЕТСТВЕННОСТЬЮ ""ПРОИЗВОДСТВЕННОЕ ОБЪЕДИНЕНИЕ САХАЛИНРЫБАКСОЮЗ""",6501078432,производственное объединение,"Адрес: 693010, Сахалинская обл, г Южно-Сахалинск, Алтайский пер, д 15",Перов Владимир Геннадьевич,
Группа Триера,"ОБЩЕСТВО С ОГРАНИЧЕННОЙ ОТВЕТСТВЕННОСТЬЮ САХАЛИНСКАЯ РЫБОЛОВНАЯ КОМПАНИЯ ""ТРИЕРА""",6501094508,"[ИИ, high]: Компания связана с ООО ""ТРИЕРА М"", ООО ""МИНТАЙ ПЛЮС"" и ООО ""ТРЕСКА ПЛЮС"", которые входят в Группу Триера.","Адрес: 693023, Сахалинская обл, г Южно-Сахалинск, ул Комсомольская, д 241/1, офис 405",Колюка Вячеслав Александрович,
ГК Доброфлот,"ОБЩЕСТВО С ОГРАНИЧЕННОЙ ОТВЕТСТВЕННОСТЬЮ ""ПАРУС""",6501210218,"Требует проверки (ИИ): Компания связана с несколькими группами через узлы графа связей, но нет явного указания на принадлежность к одной из них.","Адрес: 690090, ПРИМОРСКИЙ КРАЙ, Г.О. ВЛАДИВОСТОКСКИЙ, Г. ВЛАДИВОСТОК, УЛ. АВРОРОВСКАЯ, ЗД. 10, ОФИС 312",Федотов Сергей Вячеславович,
КУК,"ОБЩЕСТВО С ОГРАНИЧЕННОЙ ОТВЕТСТВЕННОСТЬЮ ""КУРИЛЬСКИЙ УНИВЕРСАЛЬНЫЙ КОМПЛЕКС""",6501231095,"[ИИ, high]: Компания имеет ИНН, совпадающий с известной группой КУК.","Адрес: 693007, Сахалинская обл, г Южно-Сахалинск, ул Чехова, д 71","АКЦИОНЕРНОЕ ОБЩЕСТВО ""ДАЛЬНЕВОСТОЧНАЯ РЫБОПРОМЫШЛЕННАЯ УПРАВЛЯЮЩАЯ КОМПАНИЯ""",https://www.list-org.com/company/16231
Росрыбфлот,"ОБЩЕСТВО С ОГРАНИЧЕННОЙ ОТВЕТСТВЕННОСТЬЮ ""РОСРЫБФЛОТ""",6501237700,,"Адрес: 683020, Камчатский край, г Петропавловск-Камчатский, ул Дальняя, д 28/1",Руденко Олег Геннадьевич,
ГК Гидрострой,"ОБЩЕСТВО С ОГРАНИЧЕННОЙ ОТВЕТСТВЕННОСТЬЮ ""ДАЛЬКРЕВЕТКА""",6501243982,,"Адрес: 694740, Сахалинская обл, Невельский р-н, г Невельск, ул Северная, д 20",Мальчевский Александр Станиславович,
ГК Гидрострой,"ОБЩЕСТВО С ОГРАНИЧЕННОЙ ОТВЕТСТВЕННОСТЬЮ ""ДИОНИС""",6501249293,,"Адрес: 693004, САХАЛИНСКАЯ ОБЛАСТЬ, Г.О. ГОРОД ЮЖНО-САХАЛИНСК, Г ЮЖНО-САХАЛИНСК, УЛ ИМ. Б.Н. ЕГОРОВА, Д. 9",Шамина Оксана Анатольевна,
ГК Норебо,"АКЦИОНЕРНОЕ ОБЩЕСТВО ""САХАЛИНСКАЯ ЛИЗИНГОВАЯ КОМПАНИЯ РЫБОПРОМЫСЛОВОГО ФЛОТА""",6501249938,,"Адрес: 693023, Сахалинская обл, г Южно-Сахалинск, ул Комсомольская, д 259В стр 2",Шустова Любовь Юрьевна,
Далькреветка,"ОБЩЕСТВО С ОГРАНИЧЕННОЙ ОТВЕТСТВЕННОСТЬЮ ""ПРОМФЛОТ""",6501259414,,"Адрес: 693005, Сахалинская обл, г Южно-Сахалинск, ул Холмская, д 30, офис 55",Несмашнов Сергей Викторович,
Группа Океан Союз,"ОБЩЕСТВО С ОГРАНИЧЕННОЙ ОТВЕТСТВЕННОСТЬЮ ""СОЮЗВОСТОК""",6501264076,,"Адрес: 694020, Сахалинская обл, Корсаковский р-н, г Корсаков, Корабельный пер, зд 8",Войтенко Максим Сергеевич,
НБАМР,"ОБЩЕСТВО С ОГРАНИЧЕННОЙ ОТВЕТСТВЕННОСТЬЮ ""РУСКОР""",6501268232,,"Адрес: 693022, Сахалинская обл, г Южно-Сахалинск, ул 2-я Хабаровская, д 59",Рюмин Игорь Николаевич,
ГК Интеррыбфлот,"ОБЩЕСТВО С ОГРАНИЧЕННОЙ ОТВЕТСТВЕННОСТЬЮ РЫБОКОМБИНАТ ""ОСТРОВНОЙ""",6501289105,,"Адрес: 694520, Сахалинская обл, Южно-Курильский р-н, село Малокурильское, ул Советская, д 8 к в, офис 1",Зайцев Михаил Алексеевич,
ГК УТРФ,"ОБЩЕСТВО С ОГРАНИЧЕННОЙ ОТВЕТСТВЕННОСТЬЮ ""ПРОЛИВ-ПАЛТУС""",6501292130,,"Адрес: 690001, Приморский край, г Владивосток, Ленинский р-н, ул Пушкинская, д 22, офис 9",Закшевский Анатолий Иванович,
Росрыбфлот,"ОБЩЕСТВО С ОГРАНИЧЕННОЙ ОТВЕТСТВЕННОСТЬЮ ""МЕРКУРИЙ""",6501292475,,"Адрес: 683020, Камчатский край, г Петропавловск-Камчатский, ул Дальняя, д 28/1",Шевцова Лилия Юрьевна,
ГК Гидрострой,"АКЦИОНЕРНОЕ ОБЩЕСТВО ""ДОЛИНСК""",6501305910,"Требует проверки (ИИ): Директор может быть номинальным, так как связан с несколькими компаниями из разных групп.","Адрес: 693020, Сахалинская обл, г Южно-Сахалинск, ул Ленина, д 246, кв 15",Колюка Вячеслав Александрович,
ГК Гидрострой,"ОБЩЕСТВО С ОГРАНИЧЕННОЙ ОТВЕТСТВЕННОСТЬЮ ""МОЕ МОРЕ""",6501306833,,"Адрес: 693012, Сахалинская обл, г Южно-Сахалинск, пр-кт Мира, д 1Ж, офис 1",Дядинкин Денис Юрьевич,
ГК УТРФ,"ОБЩЕСТВО С ОГРАНИЧЕННОЙ ОТВЕТСТВЕННОСТЬЮ ""ТЕРПУГ""",6501308527,,"Адрес: 683002, Камчатский край, г Петропавловск-Камчатский, ул Ларина, д 6 к 2, кв 21",Баляев Сергей Николаевич,
ГК Гидрострой,"ОБЩЕСТВО С ОГРАНИЧЕННОЙ ОТВЕТСТВЕННОСТЬЮ ""ПАЛТУСЫ ВОСТОКА""",6501312153,"Требует проверки (ИИ): Директор может быть номинальным, так как связан с несколькими компаниями из разных групп.","Адрес: 693020, Сахалинская обл, г Южно-Сахалинск, ул Крайняя, д 50",Колюка Вячеслав Александрович,
ГК Гидрострой,"ОБЩЕСТВО С ОГРАНИЧЕННОЙ ОТВЕТСТВЕННОСТЬЮ ""АНТЕЙ""",6503010415,,"Адрес: 694071, Сахалинская обл, Долинский р-н, село Стародубское, ул Набережная, д 150",Кузнецов Юрий Анатольевич,
ГК Гидрострой,"ОБЩЕСТВО С ОГРАНИЧЕННОЙ ОТВЕТСТВЕННОСТЬЮ ""РЫБОЛОВЕЦКИЙ КОЛХОЗ ИМ. КИРОВА""",6504006429,рыболовецкий колхоз им. Кирова,"Адрес: 694002, Сахалинская обл, Корсаковский р-н, село Озерское, ул Центральная, д 4",Головчук Вячеслав Михайлович,
ГК Гидрострой,"ОБЩЕСТВО С ОГРАНИЧЕННОЙ ОТВЕТСТВЕННОСТЬЮ ""НАВИ-ПЛЮС""",6504015230,"Требует проверки (ИИ): Директор может быть номинальным, так как связан с несколькими компаниями из разных групп.","Адрес: 694020, Сахалинская обл, Корсаковский р-н, г Корсаков, ул Портовая, зд 8",Колюка Вячеслав Александрович,
ГК Гидрострой,"ОБЩЕСТВО С ОГРАНИЧЕННОЙ ОТВЕТСТВЕННОСТЬЮ ""ПРИБОЙ-ВОСТОК""",6504018696,,"Адрес: 693020, Сахалинская обл, г Южно-Сахалинск, ул Крайняя, д 50, офис 24",Кузнецов Юрий Анатольевич,
ГК Гидрострой,"ОБЩЕСТВО С ОГРАНИЧЕННОЙ ОТВЕТСТВЕННОСТЬЮ ""ЗАЛОМ""",6504025100,,"Адрес: 694740, САХАЛИНСКАЯ ОБЛАСТЬ, М.О. НЕВЕЛЬСКИЙ, Г НЕВЕЛЬСК, УЛ ШКОЛЬНАЯ, Д. 89, КВ. 53",Дядинкин Денис Юрьевич,
Группа Океан Союз,"ОБЩЕСТВО С ОГРАНИЧЕННОЙ ОТВЕТСТВЕННОСТЬЮ ""СИАМ""",6504031898,,"Адрес: 694020, САХАЛИНСКАЯ ОБЛАСТЬ, М.О. КОРСАКОВСКИЙ, Г КОРСАКОВ, ПЕР КОРАБЕЛЬНЫЙ, ЗД. 8, ОФИС 1",Радчук Руслан Михайлович,
ГК Гидрострой (Далькреветка),"ОБЩЕСТВО С ОГРАНИЧЕННОЙ ОТВЕТСТВЕННОСТЬЮ ""ОПЛОТ МИРА""",6505004791,,"Адрес: 694740, Сахалинская обл, Невельский р-н, г Невельск, ул Северная, д 20",Касьянов Роман Александрович,
ГК УТРФ,"ОБЩЕСТВО С ОГРАНИЧЕННОЙ ОТВЕТСТВЕННОСТЬЮ ""ПРОЛИВ""",6505008098,,"Адрес: 684000, Камчатский край, Елизовский р-н, г Елизово, ул Виталия Кручины, д 19А, помещ 9",Арлукевич Ольга Анатольевна,
ГК Гидрострой,"ОБЩЕСТВО С ОГРАНИЧЕННОЙ ОТВЕТСТВЕННОСТЬЮ ""ФРЕГАТ""",6505009408,,"Адрес: 694740, Сахалинская обл, Невельский р-н, г Невельск, ул Школьная, д 89, кв 53",Дядинкин Денис Юрьевич,
ГК РРПК,"ОБЩЕСТВО С ОГРАНИЧЕННОЙ ОТВЕТСТВЕННОСТЬЮ ""РЫБОЛОВЕЦКОЕ КОЛЛЕКТИВНОЕ ХОЗЯЙСТВО ""САХАЛИН""",6505010379,,"Адрес: 693020, Сахалинская обл, г Южно-Сахалинск, ул Крюкова Д.Н., д 83",Кобец Алена Олеговна,
ГК Гидрострой,"СЕЛЬСКОХОЗЯЙСТВЕННЫЙ ПРОИЗВОДСТВЕННЫЙ КООПЕРАТИВ ""РЫБОЛОВЕЦКИЙ КОЛХОЗ ""ДРУЖБА""",6507000094,,"Адрес: 694240, Сахалинская обл, Поронайский р-н, г Поронайск, ул Октябрьская, д 2",Носиков Дмитрий Владимирович,
ГК Гидрострой,"ОБЩЕСТВО С ОГРАНИЧЕННОЙ ОТВЕТСТВЕННОСТЬЮ ""ПОРОНАЙ""",6507005529,рыбопромышленная компания,"Адрес: 693010, Сахалинская обл, г Южно-Сахалинск, Алтайский пер, д 15",Перов Владимир Геннадьевич,
ГК Гидрострой,"ОБЩЕСТВО С ОГРАНИЧЕННОЙ ОТВЕТСТВЕННОСТЬЮ ""КРАБ""",6507009273,,"Адрес: 694140, Сахалинская обл, Макаровский р-н, г Макаров, ул 50 лет Октября, д 1, офис 11",Кучма Андрей Владимирович,
ГК Гидрострой,"ОБЩЕСТВО С ОГРАНИЧЕННОЙ ОТВЕТСТВЕННОСТЬЮ ""СИФИШ""",6507014107,,"Адрес: 694140, САХАЛИНСКАЯ ОБЛАСТЬ, М.О. МАКАРОВСКИЙ, Г. МАКАРОВ, УЛ. 50 ЛЕТ ОКТЯБРЯ, Д. 1, ОФИС 10",Сафронов Анатолий Валерьевич,
Группа Триера,"ОБЩЕСТВО С ОГРАНИЧЕННОЙ ОТВЕТСТВЕННОСТЬЮ ""ЗЮЙД-ВЕСТ""",6508006155,Пресноводное,"Адрес: 694923, Сахалинская обл, Углегорский р-н, г Углегорск, ул Приморская, д 105",Глухов Александр Федорович,
Миккор,"ОБЩЕСТВО С ОГРАНИЧЕННОЙ ОТВЕТСТВЕННОСТЬЮ ""ВОДОЛЕЙ""",6509005281,,"Адрес: 680017, Хабаровский край, г Хабаровск, ул Мухина, д 7, офис 38",Лифанов Герман Германович,
ГК Норебо,"АКЦИОНЕРНОЕ ОБЩЕСТВО ""САХАЛИН ЛИЗИНГ ФЛОТ""",6509006140,,"Адрес: 683016, Камчатский край, г Петропавловск-Камчатский, ул Мишенная, д 131, офис 23",Лысенко Сергей Алексеевич,
ГК УТРФ,"АКЦИОНЕРНОЕ ОБЩЕСТВО ""САХАЛИНСКИЙ РЫБАК""",6509006912,,"Адрес: 693020, Сахалинская обл, г Южно-Сахалинск, ул Крюкова Д.Н., д 83, помещ 2",Баранов Максим Александрович,
ГК Гидрострой,"ОБЩЕСТВО С ОГРАНИЧЕННОЙ ОТВЕТСТВЕННОСТЬЮ ""ПРИБОЙ-Т""",6509045622,,"Адрес: 694740, Сахалинская обл, Невельский р-н, г Невельск, ул Рыбацкая, зд 2 стр 1","АКЦИОНЕРНОЕ ОБЩЕСТВО ""ДАЛЬНЕВОСТОЧНАЯ РЫБОПРОМЫШЛЕННАЯ УПРАВЛЯЮЩАЯ КОМПАНИЯ""",https://www.list-org.com/company/12703351
ГК Гидрострой,"ОБЩЕСТВО С ОГРАНИЧЕННОЙ ОТВЕТСТВЕННОСТЬЮ ""ТАРАНАЙ""",6510901042,,"Адрес: 694033, Сахалинская обл, Анивский р-н, село Таранай, ул Первомайская, д 21",Матвеев Дмитрий Владимирович,
Группа Океан Союз,ОБЩЕСТВО С ОГРАНИЧЕННОЙ ОТВЕТСТВЕННОСТЬЮ КОМПАС,6510902568,Не действует,"Адрес: 694033, Сахалинская обл, Анивский р-н, село Таранай, ул Первомайская, д 9",Владимиров Владимир Юрьевич,
ГК Гидрострой,"ЗАКРЫТОЕ АКЦИОНЕРНОЕ ОБЩЕСТВО ""КУРИЛЬСКИЙ РЫБАК""",6511000178,крупное дочернее предприятие на Итурупе,"Адрес: 694535, Сахалинская обл, Курильский р-н, село Рейдово",Савинкин Александр Владимирович,
ГК Гидрострой,"ОБЩЕСТВО С ОГРАНИЧЕННОЙ ОТВЕТСТВЕННОСТЬЮ ""ИНМА""",6512001150,,"Адрес: 694071, Сахалинская обл, Долинский р-н, село Стародубское, ул Заводская, д 1",Бондаренко Галина Алексеевна,https://www.audit-it.ru/contragent/?search=6512001150&token=0158df4986bad8bfcc4594aaa5629b4d
ГК Гидрострой,"ОБЩЕСТВО С ОГРАНИЧЕННОЙ ОТВЕТСТВЕННОСТЬЮ ""РЫБАК""",6512002918,,"Адрес: 694140, Сахалинская обл, Макаровский р-н, г Макаров, ул 50 лет Октября, д 1",Сафронова Галина Алексеевна,
ГК Гидрострой,"ОБЩЕСТВО С ОГРАНИЧЕННОЙ ОТВЕТСТВЕННОСТЬЮ ""ТУРОВКА""",6512002964,,"Адрес: 694160, Сахалинская обл, Макаровский р-н, село Новое, ул Октябрьская, зд 55",Сафронова Галина Алексеевна,https://www.audit-it.ru/contragent/?search=6512002964&token=886d7acce6e7c49214f5cc579597dbee
ГК Гидрострой,"ОБЩЕСТВО С ОГРАНИЧЕННОЙ ОТВЕТСТВЕННОСТЬЮ ""ОКЕАН""",6512003196,,"Адрес: 693020, Сахалинская обл, г Южно-Сахалинск, ул Крайняя, д 50",Кузнецов Юрий Анатольевич,
ГК Гидрострой,"ОБЩЕСТВО С ОГРАНИЧЕННОЙ ОТВЕТСТВЕННОСТЬЮ ""ДЕВА""",6514002039,,"Адрес: 693020, Сахалинская обл, г Южно-Сахалинск, ул Крайняя, д 50",Федоренко Александр Борисович,https://www.audit-it.ru/contragent/?search=6514002039&token=ee22ea3d22f90531cad8474e44c30df1
ГК Гидрострой,"АКЦИОНЕРНОЕ ОБЩЕСТВО ""СЕВЕРО-КУРИЛЬСКАЯ БАЗА СЕЙНЕРНОГО ФЛОТА""",6515000242,,"Адрес: 694550, Сахалинская обл, Северо-Курильский р-н, г Северо-Курильск, ул Набережная, д 2",Литвиненко Александр Яковлевич,
ГК Гидрострой,"ЗАКРЫТОЕ АКЦИОНЕРНОЕ ОБЩЕСТВО ""КУРИЛЬСКИЙ РАССВЕТ""",6515001310,,"Адрес: 694550, Сахалинская обл, Северо-Курильский р-н, г Северо-Курильск, ул Набережная, д 2","АКЦИОНЕРНОЕ ОБЩЕСТВО ""СЕВЕРО-КУРИЛЬСКАЯ БАЗА СЕЙНЕРНОГО ФЛОТА""",https://www.audit-it.ru/contragent/?search=6515001310&token=6e39b9aaf135d489c405dab08626e497
ГК УТРФ,"ОБЩЕСТВО С ОГРАНИЧЕННОЙ ОТВЕТСТВЕННОСТЬЮ ""АЛАИД""",6515003317,,"Адрес: 694550, Сахалинская обл, Северо-Курильский р-н, г Северо-Курильск, ул Сахалинская, д 51А",Баранов Максим Владимирович,
Группа Триера,"ОБЩЕСТВО С ОГРАНИЧЕННОЙ ОТВЕТСТВЕННОСТЬЮ ""НЕВОД""",6516008452,,"Адрес: 694820, Сахалинская обл, Томаринский р-н, тер ТОСЭР Южная (с Неводское)",Мячин Олег Владимирович,
ГК Гидрострой,"ОБЩЕСТВО С ОГРАНИЧЕННОЙ ОТВЕТСТВЕННОСТЬЮ ""ФОРМУЛА""",6516008854,,"Адрес: 694820, Сахалинская обл, Томаринский р-н, село Неводское, ул Набережная, д 1/13, офис 5",Мячин Олег Владимирович,https://www.audit-it.ru/contragent/?search=6516008854&token=4e4377284406d009f83a854c60de2e0a
ГК Норебо,"ОБЩЕСТВО С ОГРАНИЧЕННОЙ ОТВЕТСТВЕННОСТЬЮ ""КАЙРА""",6518003435,,"Адрес: 694500, Сахалинская обл, Южно-Курильский р-н, пгт Южно-Курильск, ул Спортивная, д 7",Крылатов Алексей Геннадьевич,
ГК Гидрострой,"ОБЩЕСТВО С ОГРАНИЧЕННОЙ ОТВЕТСТВЕННОСТЬЮ ""МОРИОН""",6518004020,,"Адрес: 694500, Сахалинская обл, Южно-Курильский р-н, пгт Южно-Курильск, ул 3 Сентября, зд 4",Бабушкин Андрей Юрьевич,
ГК Гидрострой,"ОБЩЕСТВО С ОГРАНИЧЕННОЙ ОТВЕТСТВЕННОСТЬЮ ""САНДИ""",6518004358,,"Адрес: 694500, Сахалинская обл, Южно-Курильский р-н, пгт Южно-Курильск, ул Набережная, зд 26",Бабушкин Андрей Юрьевич,
ГК Гидрострой,"ОБЩЕСТВО С ОГРАНИЧЕННОЙ ОТВЕТСТВЕННОСТЬЮ ""НАТАЛИ""",6518004380,,"Адрес: 694500, Сахалинская обл, Южно-Курильский р-н, пгт Южно-Курильск, ул Школьная, зд 1А",Пономаренко Александр Сергеевич,
Группа Океан Союз,"ОБЩЕСТВО С ОГРАНИЧЕННОЙ ОТВЕТСТВЕННОСТЬЮ ""СОЮЗОКЕАН""",6518004823,Переработка,"Адрес: 694521, САХАЛИНСКАЯ ОБЛАСТЬ, М.О. ЮЖНО-КУРИЛЬСКИЙ, С. КРАБОЗАВОДСКОЕ, УЛ. ТОРГОВАЯ, ЗД. 6А, ПОМЕЩ. 1",Войтенко Максим Сергеевич,
ЮКРК,"ОБЩЕСТВО С ОГРАНИЧЕННОЙ ОТВЕТСТВЕННОСТЬЮ ПРОИЗВОДСТВЕННО-КОММЕРЧЕСКАЯ ФИРМА ""ЮЖНО-КУРИЛЬСКИЙ РЫБОКОМБИНАТ""",6518005270,,"Адрес: 694500, Сахалинская обл, Южно-Курильский р-н, пгт Южно-Курильск, ул Заводская, д 17",Коробков Константин Викторович,
ГК Гидрострой,"АКЦИОНЕРНОЕ ОБЩЕСТВО ""АЛЬБАКОР""",6518008708,,"Адрес: 694500, Сахалинская обл, Южно-Курильский р-н, пгт Южно-Курильск, кв-л Ильичева, д 1А, офис 30",Пономаренко Александр Сергеевич,
ГК Интеррыбфлот,"ОБЩЕСТВО С ОГРАНИЧЕННОЙ ОТВЕТСТВЕННОСТЬЮ ""ОСТРОВНОЙ-КРАБ""",6518009557,,"Адрес: 694520, Сахалинская обл, Южно-Курильский р-н, село Малокурильское, ул Советская, д 8, офис 3",Зайцев Михаил Алексеевич,
ГК Гидрострой,"ОБЩЕСТВО С ОГРАНИЧЕННОЙ ОТВЕТСТВЕННОСТЬЮ ""ЯНТАРЬ-1""",6518009571,,"Адрес: 694500, Сахалинская обл, Южно-Курильский р-н, пгт Южно-Курильск, ул Школьная, зд 1А",Бабушкин Андрей Юрьевич,
ГК РРПК,"ОБЩЕСТВО С ОГРАНИЧЕННОЙ ОТВЕТСТВЕННОСТЬЮ ""РМД ЮВА 1""",7701384421,,"Адрес: 690001, Приморский край, г Владивосток, Ленинский р-н, ул Пушкинская, д 87, офис 12",Кищенков Антон Валерьевич,
Группа Согласие,"АКЦИОНЕРНОЕ ОБЩЕСТВО ""РЫБОПРОМЫСЛОВАЯ ФИРМА ВАРИАНТ""",7728048794,,"Адрес: 183038, Мурманская обл, г Мурманск, Портовый проезд, д 2",Сметанина Анастасия Валерьевна,
ГК Океанрыбфлот,"ОБЩЕСТВО С ОГРАНИЧЕННОЙ ОТВЕТСТВЕННОСТЬЮ ""СЕВЕРО-ВОСТОЧНАЯ КОМПАНИЯ""",8203002583,,"Адрес: 688700, Камчатский край, Карагинский р-н, поселок Оссора, ул Заводская, стр 1",Новоселов Вадим Аликович,
ГК Гидрострой,"ОБЩЕСТВО С ОГРАНИЧЕННОЙ ОТВЕТСТВЕННОСТЬЮ ""ТЫМЛАТСКИЙ РЫБОКОМБИНАТ""",8203002819,,"Адрес: 688710, КАМЧАТСКИЙ КРАЙ, Р-Н КАРАГИНСКИЙ, С. ТЫМЛАТ, УЛ. НАБЕРЕЖНАЯ, ЗД. 30, СООР. 30",Литвиненко Александр Яковлевич,
,"АКЦИОНЕРНОЕ ОБЩЕСТВО ""КОЛХОЗ ИМ. БЕКЕРЕВА""",8203010714,"Сверка PCA-списка (25.03.2026): Ната подтвердила — самостоятельная компания, без группы","Адрес: 688713, Камчатский край, Карагинский р-н, село Ивашка, ул Школьная, зд 4",Тулупов Александр Александрович,
ГК Норебо,"АКЦИОНЕРНОЕ ОБЩЕСТВО ""КЗБ-СЕЛЬДЬ""",8203011154,,"Адрес: 683016, Камчатский край, г Петропавловск-Камчатский, ул Мишенная, д 131",Галахин Михаил Юрьевич,
ГК Норебо,"ОБЩЕСТВО С ОГРАНИЧЕННОЙ ОТВЕТСТВЕННОСТЬЮ ""УКИНСКИЙ ЛИМАН""",8203011370,,"Адрес: 688713, Камчатский край, Карагинский р-н, село Ивашка, ул Школьная, зд 4",Резник Александр Сергеевич,
ГК УТРФ,"ОБЩЕСТВО С ОГРАНИЧЕННОЙ ОТВЕТСТВЕННОСТЬЮ ""КЗБ-ДОНКА""",8203011429,,"Адрес: 688713, Камчатский край, Карагинский р-н, село Ивашка, ул Школьная, зд 22",Сафронов Владимир Владимирович,
Сигма-Марин,"АКЦИОНЕРНОЕ ОБЩЕСТВО ""ТРАЛФЛОТ""",8701003484,,"Адрес: 680038, Хабаровский край, г Хабаровск, ул Серышева, д 34, офис 34",Рекасов Владимир Васильевич,
ГК УТРФ,"АКЦИОНЕРНОЕ ОБЩЕСТВО ""РЫБОЛОВНАЯ КОМПАНИЯ ""МАЛКИНСКОЕ""",4105045951,Добавлено из сверки PCA-списка (25.03.2026); подтверждено Натой как часть группы УТРФ,"Адрес: 684000, Камчатский край, Елизовский р-н, г Елизово, ул Виталия Кручины, д 19А",Богдан Виктор Анатольевич,
ГК Гидрострой,"ОБЩЕСТВО С ОГРАНИЧЕННОЙ ОТВЕТСТВЕННОСТЬЮ ""ГАВАНЬ""",6500010720,"Добавлено из сверки PCA-списка (25.03.2026); ИНН найден через DaData (Корсаков, Сахалин); группа подтверждена Натой (ГК Гидрострой)","Адрес: 694020, Сахалинская область, Корсаковский м.о., г Корсаков, ул Портовая, зд 8/4, офис 13",Головчук Вячеслав Михайлович,
,"АКЦИОНЕРНОЕ ОБЩЕСТВО ""ДАЛЬРЫБА""",2500000073,"Добавлено из сверки PCA-списка (25.03.2026); ИНН подтверждён через DaData (Владивосток); Ната подтвердила — самостоятельная компания, без группы","Адрес: 690091, Приморский край, г Владивосток, Ленинский р-н, ул Светланская, д 51А",Малахов Денис Александрович,
,"ОБЩЕСТВО С ОГРАНИЧЕННОЙ ОТВЕТСТВЕННОСТЬЮ ""ПОСЕЙДОН""",6507009072,"Добавлено из сверки PCA-списка (25.03.2026); отдельная компания от Poronay LLC (кандидат совпадал по региону, не по юрлицу); ИНН найден через DaData (Поронайский р-н, Сахалин); Ната подтвердила — самостоятельная компания, без группы","Адрес: 694201, Сахалинская обл, Поронайский р-н, село Лермонтовка",Ли Константин Хакюевич,
